0.0,0,5.0,0.0,0,5.143901223893699,-498.15641650389426,0.09644337035279613
0.0,0,5.5,0.0,0,4.564600521542486,-460.64484322456104,0.08693719019631033
0.0,0,6.0,0.0,0,4.079644129285058,-434.05015535669264,0.08007257638703283
0.0,0,6.5,0.0,0,3.614674354667646,-411.81756578588937,0.07495385258258033
0.0,0,7.0,0.0,0,3.2264953940316086,-395.28573278694415,0.07103247391221049
0.0,0,7.5,0.0,0,2.896351866345324,-382.46710757419976,0.06795957377119077
0.0,0,8.0,0.0,0,2.61103890045673,-372.1988883201965,0.06550537476153306
0.0,1,5.0,0.06225769423480636,0.3149237956332912,5.9725362658818195,-498.15641650389426,0.09644337035279613
0.0,1,5.5,0.05687833731361315,0.3149237956332913,5.494131041979361,-460.64484322456104,0.08693719019631033
0.0,1,6.0,0.05306451918384117,0.3149237956332913,5.096194034067825,-434.05015535669264,0.08007257638703283
0.0,1,6.5,0.0498762488947451,0.3149237956332913,4.716824376752554,-411.81756578588937,0.07495385258258033
0.0,1,7.0,0.0475054970843463,0.31492379563329137,4.401720375667589,-395.28573278694415,0.07103247391221049
0.0,1,7.5,0.04566723880216572,0.3149237956332914,4.134872722160497,-382.46710757419976,0.06795957377119077
0.0,1,8.0,0.0441947221497441,0.31492379563329137,3.9051042001333007,-372.1988883201965,0.06550537476153306
0.0,2,5.0,0.12547453833500433,0.6294169153200744,6.014635895091625,-498.15641650389426,0.09644337035279613
0.0,2,5.5,0.11472237841039995,0.6294169153200742,5.544492459135251,-460.64484322456104,0.08693719019631033
0.0,2,6.0,0.10709938870077348,0.6294169153200745,5.153985651202006,-434.05015535669264,0.08007257638703283
0.0,2,6.5,0.10072673253881323,0.6294169153200745,4.782170435147404,-411.81756578588937,0.07495385258258033
0.0,2,7.0,0.09598811731391027,0.6294169153200746,4.47368999214553,-395.28573278694415,0.07103247391221049
0.0,2,7.5,0.09231384038410395,0.6294169153200746,4.212698708182099,-382.46710757419976,0.06795957377119077
0.0,2,8.0,0.08937060111397789,0.6294169153200744,3.9881541771083278,-372.1988883201965,0.06550537476153306
0.0,5,5.0,0.31766110223534505,1.5660164730811275,6.101093926961297,-498.15641650389426,0.09644337035279613
0.0,5,5.5,0.2908952283791112,1.5660164730811266,5.647489674834614,-460.64484322456104,0.08693719019631033
0.0,5,6.0,0.2719189499005581,1.5660164730811275,5.271798235390227,-434.05015535669264,0.08007257638703283
0.0,5,6.5,0.25605518744201594,1.5660164730811266,4.914994435202917,-411.81756578588937,0.07495385258258033
0.0,5,7.0,0.2442591224418343,1.566016473081127,4.619636181229919,-395.28573278694415,0.07103247391221049
0.0,5,7.5,0.23511256644697592,1.5660164730811275,4.370218470397891,-382.46710757419976,0.06795957377119077
0.0,5,8.0,0.22778581799965808,1.566016473081127,4.155976238708188,-372.1988883201965,0.06550537476153306
0.0,10,5.0,0.7663624625095904,2.741116271228176,7.454139558846182,-498.15641650389426,0.09644337035279613
0.0,10,5.5,0.7136439823300587,2.7411162712281776,7.189914193657989,-460.64484322456104,0.08693719019631033
0.0,10,6.0,0.676268009992063,2.7411162712281767,6.977629097380445,-434.05015535669264,0.08007257638703283
0.0,10,6.5,0.6450224974698304,2.741116271228176,6.781283393221227,-411.81756578588937,0.07495385258258033
0.0,10,7.0,0.6217887849354007,2.741116271228176,6.622491501622088,-395.28573278694415,0.07103247391221049
0.0,10,7.5,0.603773586421207,2.7411162712281767,6.490954022225776,-382.46710757419976,0.06795957377119077
0.0,10,8.0,0.5893427090706296,2.741116271228176,6.3797864379673115,-372.1988883201965,0.06550537476153306
0.0,15,5.0,1.3515375753782823,3.4252704980869826,8.496576914672376,-498.15641650389426,0.09644337035279613
0.0,15,5.5,1.2744683132188699,3.425270498086986,8.34332041275642,-460.64484322456104,0.08693719019631033
0.0,15,6.0,1.2198282970277672,3.425270498086988,8.222933868660538,-434.05015535669264,0.08007257638703283
0.0,15,6.5,1.1741504135288399,3.425270498086986,8.113694694714324,-411.81756578588937,0.07495385258258033
0.0,15,7.0,1.1401849980586947,3.4252704980869826,8.026792099255227,-395.28573278694415,0.07103247391221049
0.0,15,7.5,1.1138485397158895,3.425270498086986,7.955760632371842,-382.46710757419976,0.06795957377119077
0.0,15,8.0,1.0927520083679731,3.4252704980869844,7.896391845314376,-372.1988883201965,0.06550537476153306
0.0,20,5.0,2.1180725954240303,3.425227214585462,9.413784389644878,-498.15641650389426,0.09644337035279613
0.0,20,5.5,2.018994261816522,3.4252272145854583,9.334426126570351,-460.64484322456104,0.08693719019631033
0.0,20,6.0,1.9487504110150964,3.4252272145854583,9.273274728104274,-434.05015535669264,0.08007257638703283
0.0,20,6.5,1.890028055915465,3.4252272145854583,9.218665205475714,-411.81756578588937,0.07495385258258033
0.0,20,7.0,1.8463629594713356,3.425227214585462,9.17580655620711,-395.28573278694415,0.07103247391221049
0.0,20,7.5,1.8125054612597735,3.425227214585462,9.141152996963735,-382.46710757419976,0.06795957377119077
0.0,20,8.0,1.785384283344165,3.4252272145854583,9.11244605690475,-372.1988883201965,0.06550537476153306
0.0,30,5.0,4.50863690222901,0.286778822547042,10.967321288601717,-498.15641650389426,0.09644337035279613
0.0,30,5.5,4.375149024467062,0.2867788225470491,10.965380622615283,-460.64484322456104,0.08693719019631033
0.0,30,6.0,4.280509740297686,0.2867788225470491,10.963931416413072,-434.05015535669264,0.08007257638703283
0.0,30,6.5,4.2013933252953315,0.286778822547042,10.962669807215773,-411.81756578588937,0.07495385258258033
0.0,30,7.0,4.142563500000854,0.286778822547042,10.961700453854618,-395.28573278694415,0.07103247391221049
0.0,30,7.5,4.096947416059694,0.2867788225470491,10.960929664847335,-382.46710757419976,0.06795957377119077
0.0,30,8.0,4.060407151901634,0.2867788225470491,10.960299739932381,-372.1988883201965,0.06550537476153306
0.0,40,5.0,7.315514401542106,-5.452425939965792,11.776251491145562,-498.15641650389426,0.09644337035279613
0.0,40,5.5,7.163717587755066,-5.452425939965806,11.792044653682927,-460.64484322456104,0.08693719019631033
0.0,40,6.0,7.056097764615645,-5.452425939965806,11.803653231134945,-434.05015535669264,0.08007257638703283
0.0,40,6.5,6.96612989699378,-5.452425939965806,11.813633012903425,-411.81756578588937,0.07495385258258033
0.0,40,7.0,6.899231088015221,-5.452425939965806,11.821222560711238,-395.28573278694415,0.07103247391221049
0.0,40,7.5,6.8473583912894656,-5.452425939965806,11.82720949994904,-382.46710757419976,0.06795957377119077
0.0,40,8.0,6.80580633602328,-5.452425939965806,11.832071104601548,-372.1988883201965,0.06550537476153306
0.0,60,5.0,11.811069091251351,-19.19032843062675,12.655702720573242,-498.15641650389426,0.09675059037958553
0.0,60,5.5,11.677581213489404,-19.19032843062672,12.67427572360735,-460.64484322456104,0.08724441022309973
0.0,60,6.0,11.582941929320027,-19.19032843062672,12.687702819138277,-434.05015535669264,0.08037979641382223
0.0,60,6.5,11.503825514317674,-19.19032843062675,12.69909712419301,-411.81756578588937,0.07526107260936975
0.0,60,7.0,11.444995689023196,-19.19032843062675,12.707671885644071,-395.28573278694415,0.0713396939389999
0.0,60,7.5,11.399379605082036,-19.19032843062675,12.714381592664054,-382.46710757419976,0.06826679379798019
0.0,60,8.0,11.362839340923975,-19.19032843062675,12.71979519072308,-372.1988883201965,0.06581259478832248
0.0,90,5.0,11.360110054098447,-30.85482337136449,13.746995128803936,-498.15641650389426,0.10015881868355332
0.0,90,5.5,11.360110054098447,-30.85482337136449,13.746995128803936,-460.64484322456104,0.09065263852706752
0.0,90,6.0,11.360110054098447,-30.85482337136449,13.746995128803936,-434.05015535669264,0.08378802471779002
0.0,90,6.5,11.360110054098447,-30.85482337136449,13.746995128803936,-411.81756578588937,0.07866930091333754
0.0,90,7.0,11.360110054098447,-30.85482337136449,13.746995128803936,-395.28573278694415,0.07474792224296768
0.0,90,7.5,11.360110054098447,-30.85482337136449,13.746995128803936,-382.46710757419976,0.07167502210194798
0.0,90,8.0,11.360110054098447,-30.85482337136449,13.746995128803936,-372.1988883201965,0.06922082309229026
0.1,0,5.0,0.0,0,5.152343663778145,-498.7577482667491,0.05746200568721604
0.1,0,5.5,0.0,0,4.578160304659839,-461.4459011972179,0.05571362332703148
0.1,0,6.0,0.0,0,4.0888935738337855,-434.5226303132214,0.05450831222418977
0.1,0,6.5,0.0,0,3.627983956595173,-412.4151387652256,0.0536447814262082
0.1,0,7.0,0.0,0,3.2392107039641727,-395.8011600122483,0.053005959696026624
0.1,0,7.5,0.0,0,2.910513029319861,-382.99555367097463,0.052520564000736396
0.1,0,8.0,0.0,0,2.620909975854334,-372.54250647039925,0.052143385858507224
0.1,1,5.0,0.06234391962746426,0.3149237956332914,5.979532325832415,-498.7577482667491,0.05746200568721604
0.1,1,5.5,0.05699320449532749,0.3149237956332913,5.505290201198024,-461.4459011972179,0.05571362332703148
0.1,1,6.0,0.05313226583267802,0.3149237956332913,5.103761155861982,-434.5226303132214,0.05450831222418977
0.1,1,6.5,0.049961935258075005,0.31492379563329137,4.727653271995217,-412.4151387652256,0.0536447814262082
0.1,1,7.0,0.04757940331445684,0.3149237956332915,4.412017682859643,-395.8011600122483,0.053005959696026624
0.1,1,7.5,0.04574301200692513,0.3149237956332914,4.146296023188906,-382.99555367097463,0.052520564000736396
0.1,1,8.0,0.044243990054759916,0.3149237956332914,3.9130391626348757,-372.54250647039925,0.052143385858507224
0.1,2,5.0,0.12564683143775562,0.6294169153200744,6.021514480828745,-498.7577482667491,0.05746200568721604
0.1,2,5.5,0.1149519201956561,0.6294169153200744,5.555448049687689,-461.4459011972179,0.05571362332703148
0.1,2,6.0,0.10723474682938562,0.6294169153200746,5.161403880082922,-434.5226303132214,0.05450831222418977
0.1,2,6.5,0.10089794823963275,0.6294169153200746,4.792774073736116,-412.4151387652256,0.0536447814262082
0.1,2,7.0,0.09613578710056879,0.6294169153200746,4.483762265359647,-395.8011600122483,0.053005959696026624
0.1,2,7.5,0.0924652418454392,0.6294169153200747,4.223862793550004,-382.99555367097463,0.052520564000736396
0.1,2,8.0,0.08946902426845087,0.6294169153200745,3.9959017970843096,-372.54250647039925,0.052143385858507224
0.1,5,5.0,0.3180890739072838,1.566016473081128,6.107726752270601,-498.7577482667491,0.05746200568721604
0.1,5,5.5,0.2914657119765705,1.5660164730811266,5.658026636961354,-461.4459011972179,0.05571362332703148
0.1,5,6.0,0.2722549775477032,1.5660164730811266,5.278906376392497,-434.5226303132214,0.05450831222418977
0.1,5,6.5,0.25648047708500415,1.566016473081127,4.92513572611801,-412.4151387652256,0.0536447814262082
0.1,5,7.0,0.244625798097244,1.566016473081128,4.629246224763645,-395.8011600122483,0.053005959696026624
0.1,5,7.5,0.23548853154137922,1.5660164730811272,4.380852509383501,-382.99555367097463,0.052520564000736396
0.1,5,8.0,0.2280299016220097,1.5660164730811272,4.1633351994286505,-372.54250647039925,0.052143385858507224
0.1,10,5.0,0.7671987537129826,2.741116271228176,7.458038465820822,-498.7577482667491,0.05746200568721604
0.1,10,5.5,0.7147609672317498,2.741116271228176,7.195916695810904,-461.4459011972179,0.05571362332703148
0.1,10,6.0,0.6769232068185356,2.7411162712281767,6.981552302321444,-434.5226303132214,0.05450831222418977
0.1,10,6.5,0.6458535061074141,2.741116271228176,6.786751337893549,-412.4151387652256,0.0536447814262082
0.1,10,7.0,0.6225043465541799,2.7411162712281767,6.627558948711404,-395.8011600122483,0.053005959696026624
0.1,10,7.5,0.6045074446630704,2.7411162712281767,6.4964654468241,-382.99555367097463,0.052520564000736396
0.1,10,8.0,0.5898168115201824,2.741116271228176,6.383525086114506,-372.54250647039925,0.052143385858507224
0.1,15,5.0,1.3527434757936485,3.4252704980869844,8.498836156636765,-498.7577482667491,0.05746200568721605
0.1,15,5.5,1.276084560369328,3.425270498086986,8.34672444879975,-461.4459011972179,0.055713623327031496
0.1,15,6.0,1.2207694551750918,3.4252704980869844,8.225098705262493,-434.5226303132214,0.05450831222418978
0.1,15,6.5,1.1753485913496284,3.425270498086986,8.116668590350518,-412.4151387652256,0.05364478142620822
0.1,15,7.0,1.1412144036287002,3.425270498086986,8.029501909129378,-395.8011600122483,0.05300595969602664
0.1,15,7.5,1.1149046931594355,3.425270498086986,7.9586737499239675,-382.99555367097463,0.05252056400073641
0.1,15,8.0,1.093428424247257,3.425270498086986,7.89833092963908,-372.54250647039925,0.05214338585850724
0.1,20,5.0,2.119591801256543,3.425227214585462,9.414943468365985,-498.7577482667491,0.05746200568721604
0.1,20,5.5,2.0210409992430196,3.4252272145854583,9.336144198367098,-461.4459011972179,0.05571362332703148
0.1,20,6.0,1.949929270748295,3.425227214585462,9.274337344325176,-434.5226303132214,0.05450831222418977
0.1,20,6.5,1.89153733377176,3.425227214585462,9.220111229198203,-412.4151387652256,0.0536447814262082
0.1,20,7.0,1.8476552679043055,3.4252272145854583,9.177104086603869,-395.8011600122483,0.053005959696026624
0.1,20,7.5,1.8138321560961386,3.425227214585462,9.142535238705982,-382.99555367097463,0.052520564000736396
0.1,20,8.0,1.7862227969780493,3.425227214585462,9.113346657395379,-372.54250647039925,0.052143385858507224
0.1,30,5.0,4.510555784813979,0.2867788225470491,10.967348348126107,-498.7577482667491,0.05746200568721604
0.1,30,5.5,4.377778648445931,0.2867788225470491,10.965419995213903,-461.4459011972179,0.05571362332703148
0.1,30,6.0,4.281970075823497,0.2867788225470491,10.963954265066498,-434.5226303132214,0.05450831222418977
0.1,30,6.5,4.203298831954126,0.2867788225470491,10.962700751036746,-412.4151387652256,0.0536447814262082
0.1,30,7.0,4.144176684546385,0.286778822547042,10.961727401678028,-395.8011600122483,0.053005959696026624
0.1,30,7.5,4.098606929281192,0.2867788225470491,10.960958006889141,-382.99555367097463,0.052520564000736396
0.1,30,8.0,4.0614089403682865,0.2867788225470491,10.96031716108158,-372.54250647039925,0.052143385858507224
0.1,40,5.0,7.317467969249629,-5.452425939965806,11.77605250971752,-498.7577482667491,0.05746200568721604
0.1,40,5.5,7.166479380754874,-5.452425939965806,11.791751337119793,-461.4459011972179,0.05571362332703148
0.1,40,6.0,7.057529891846935,-5.452425939965806,11.803496428245124,-434.5226303132214,0.05450831222418977
0.1,40,6.5,6.968068254159277,-5.452425939965806,11.813415282230501,-412.4151387652256,0.0536447814262082
0.1,40,7.0,6.900837028738589,-5.452425939965806,11.82103864585017,-395.8011600122483,0.053005959696026624
0.1,40,7.5,6.849017015039312,-5.452425939965806,11.827016664732241,-382.99555367097463,0.052520564000736396
0.1,40,8.0,6.806717022778335,-5.452425939965806,11.831963917750377,-372.54250647039925,0.052143385858507224
0.1,60,5.0,11.811994855352477,-19.19032843062675,12.655575378978545,-498.7577482667491,0.057769225714005445
0.1,60,5.5,11.679217718984429,-19.19032843062675,12.674045455800503,-461.4459011972179,0.05602084335382089
0.1,60,6.0,11.583409146361994,-19.19032843062675,12.68763599308582,-434.5226303132214,0.054815532250979175
0.1,60,6.5,11.504737902492625,-19.19032843062675,12.698964829311882,-412.4151387652256,0.05395200145299761
0.1,60,7.0,11.445615755084884,-19.19032843062672,12.707581048060304,-395.8011600122483,0.05331317972281603
0.1,60,7.5,11.400045999819689,-19.19032843062675,12.714283185629103,-382.99555367097463,0.052827784027525804
0.1,60,8.0,11.362848010906784,-19.19032843062675,12.719793902097999,-372.54250647039925,0.05245060588529663
0.1,90,5.0,11.358201885434507,-30.85482337136449,13.747451425896678,-498.7577482667491,0.061177454017973254
0.1,90,5.5,11.358201885434507,-30.85482337136449,13.747451425896678,-461.4459011972179,0.0594290716577887
0.1,90,6.0,11.358201885434507,-30.85482337136449,13.747451425896678,-434.5226303132214,0.058223760554946984
0.1,90,6.5,11.358201885434507,-30.85482337136449,13.747451425896678,-412.4151387652256,0.05736022975696542
0.1,90,7.0,11.358201885434507,-30.85482337136449,13.747451425896678,-395.8011600122483,0.05672140802678384
0.1,90,7.5,11.358201885434507,-30.85482337136449,13.747451425896678,-382.99555367097463,0.05623601233149361
0.1,90,8.0,11.358201885434507,-30.85482337136449,13.747451425896678,-372.54250647039925,0.05585883418926444
0.2,0,5.0,0.0,0,5.160761924147581,-499.3590800296039,0.05744939718765975
0.2,0,5.5,0.0,0,4.591663337492673,-462.24695916987486,0.055703139390244155
0.2,0,6.0,0.0,0,4.098118436293003,-434.9951052697501,0.05449950522117563
0.2,0,6.5,0.0,0,3.641245871868315,-413.0127117445617,0.053637304800470575
0.2,0,7.0,0.0,0,3.251884648654112,-396.3165872375524,0.052999549427250645
0.2,0,7.5,0.0,0,2.9246249727568063,-383.5239997677494,0.05251501840741159
0.2,0,8.0,0.0,0,2.6307579335998605,-372.886124620602,0.05213854937370472
0.2,1,5.0,0.062430144974970056,0.3149237956332913,5.986509056918758,-499.3590800296039,0.05744939718765975
0.2,1,5.5,0.05710807163188976,0.3149237956332913,5.5164044649884865,-462.24695916987486,0.055703139390244155
0.2,1,6.0,0.053200012436362784,0.3149237956332913,5.111309000187562,-434.9951052697501,0.05449950522117563
0.2,1,6.5,0.050047621576252824,0.3149237956332913,4.738445081331237,-413.0127117445617,0.053637304800470575
0.2,1,7.0,0.04765330949941528,0.3149237956332913,4.422283043294627,-396.3165872375524,0.052999549427250645
0.2,1,7.5,0.04581878516653244,0.3149237956332914,4.157681534682103,-383.5239997677494,0.05251501840741159
0.2,1,8.0,0.04429325791462364,0.31492379563329137,3.920956465586811,-372.886124620602,0.05213854937370472
0.2,2,5.0,0.12581912381484572,0.6294169153200744,6.028374199037369,-499.3590800296039,0.05744939718765975
0.2,2,5.5,0.11518146125525114,0.6294169153200744,5.566359939657016,-462.24695916987486,0.055703139390244155
0.2,2,6.0,0.10737010423233656,0.6294169153200743,5.168803365487016,-434.9951052697501,0.05449950522117563
0.2,2,6.5,0.10106916321479112,0.6294169153200746,4.803341741532157,-413.0127117445617,0.053637304800470575
0.2,2,7.0,0.09628345616156615,0.6294169153200745,4.493803593646081,-396.3165872375524,0.052999549427250645
0.2,2,7.5,0.09261664258111327,0.6294169153200744,4.23499032556092,-383.5239997677494,0.05251501840741159
0.2,2,8.0,0.08956744669726267,0.6294169153200744,4.003632332841921,-372.886124620602,0.05213854937370472
0.2,5,5.0,0.3185170169215445,1.5660164730811266,6.114341310988815,-499.3590800296039,0.05744939718765975
0.2,5,5.5,0.2920361669163519,1.5660164730811275,5.668521905618558,-462.24695916987486,0.055703139390244155
0.2,5,6.0,0.2725909765371704,1.566016473081127,5.2859963887694805,-434.9951052697501,0.05449950522117563
0.2,5,6.5,0.2569057380703144,1.5660164730811272,4.935242760658569,-413.0127117445617,0.053637304800470575
0.2,5,7.0,0.2449924450949757,1.5660164730811277,4.6388267542446115,-396.3165872375524,0.052999549427250645
0.2,5,7.5,0.23586446797810462,1.5660164730811275,4.3914518406151934,-383.5239997677494,0.05251501840741159
0.2,5,8.0,0.2282739565866833,1.566016473081127,4.170677561663667,-372.886124620602,0.05213854937370472
0.2,10,5.0,0.7680345818016561,2.741116271228176,7.461926729921537,-499.3590800296039,0.05744939718765975
0.2,10,5.5,0.7158774890187221,2.7411162712281767,7.201897989476266,-462.24695916987486,0.055703139390244155
0.2,10,6.0,0.6775779405302893,2.741116271228176,6.9854651550196225,-434.9951052697501,0.05449950522117563
0.2,10,6.5,0.6466840516302792,2.741116271228176,6.7922021941178174,-413.0127117445617,0.053637304800470575
0.2,10,7.0,0.6232194450582401,2.741116271228176,6.632611490843099,-396.3165872375524,0.052999549427250645
0.2,10,7.5,0.6052408397902148,2.741116271228176,6.501960040713203,-383.5239997677494,0.05251501840741159
0.2,10,8.0,0.5902904508550166,2.7411162712281767,6.387254085530851,-372.886124620602,0.05213854937370472
0.2,15,5.0,1.353947033014329,3.4252704980869826,8.501086995959628,-499.3590800296039,0.05744939718765975
0.2,15,5.5,1.2776984643251006,3.4252704980869844,8.350114956485347,-462.24695916987486,0.055703139390244155
0.2,15,6.0,1.2217082701277309,3.4252704980869826,8.22725482911465,-434.9951052697501,0.05449950522117563
0.2,15,6.5,1.1765444259757314,3.4252704980869844,8.11963063074382,-413.0127117445617,0.053637304800470575
0.2,15,7.0,1.1422414660040197,3.4252704980869826,8.032200683191233,-396.3165872375524,0.052999549427250645
0.2,15,7.5,1.115958503408296,3.425270498086986,7.961574908732402,-383.5239997677494,0.05251501840741159
0.2,15,8.0,1.0941024969318547,3.4252704980869826,7.900260911529917,-372.886124620602,0.05213854937370472
0.2,20,5.0,2.1211036851475056,3.425227214585462,9.41609531245034,-499.3590800296039,0.05744939718765975
0.2,20,5.5,2.0230804147279673,3.4252272145854583,9.337852666289146,-462.24695916987486,0.055703139390244155
0.2,20,6.0,1.9511008085399426,3.4252272145854583,9.275392088465166,-434.9951052697501,0.05449950522117563
0.2,20,6.5,1.8930392896865043,3.425227214585462,9.221547948830223,-413.0127117445617,0.053637304800470575
0.2,20,7.0,1.848940254395725,3.4252272145854583,9.17839246705238,-396.3165872375524,0.052999549427250645
0.2,20,7.5,1.8151515289909528,3.4252272145854548,9.14390784808134,-383.5239997677494,0.05251501840741159
0.2,20,8.0,1.7870539886703827,3.4252272145854583,9.114238559685042,-372.886124620602,0.05213854937370472
0.2,30,5.0,4.512439632615171,0.2867788225470491,10.967374891212861,-499.3590800296039,0.05744939718765975
0.2,30,5.5,4.380373237641022,0.2867788225470491,10.965458796915087,-462.24695916987486,0.055703139390244155
0.2,30,6.0,4.2833953765655295,0.286778822547042,10.96397655053646,-434.9951052697501,0.05449950522117563
0.2,30,6.5,4.205169303829144,0.2867788225470491,10.962731098647636,-413.0127117445617,0.053637304800470575
0.2,30,7.0,4.145754834308137,0.286778822547042,10.961753743961111,-396.3165872375524,0.052999549427250645
0.2,30,7.5,4.100231407718912,0.2867788225470562,10.960985728367719,-383.5239997677494,0.05251501840741159
0.2,30,8.0,4.062375694051161,0.286778822547042,10.96033396482753,-372.886124620602,0.05213854937370472
0.2,40,5.0,7.31932171316198,-5.452425939965806,11.775863794098267,-499.3590800296039,0.05744939718765975
0.2,40,5.5,7.169141349959507,-5.452425939965806,11.791468836240846,-462.24695916987486,0.055703139390244155
0.2,40,6.0,7.058862195283051,-5.452425939965792,11.803350612140079,-434.9951052697501,0.05449950522117563
0.2,40,6.5,6.9699067875296015,-5.452425939965806,11.81320887641657,-413.0127117445617,0.053637304800470575
0.2,40,7.0,6.902343145666784,-5.452425939965806,11.820866240734663,-396.3165872375524,0.052999549427250645
0.2,40,7.5,6.850575814993986,-5.452425939965792,11.826835520363483,-383.5239997677494,0.05251501840741159
0.2,40,8.0,6.807527885738217,-5.452425939965806,11.831868504187643,-372.886124620602,0.05213854937370472
0.2,60,5.0,11.812569120646065,-19.19032843062675,12.655496397116998,-499.3590800296039,0.05775661721444916
0.2,60,5.5,11.680502725671916,-19.19032843062675,12.67386469156624,-462.24695916987486,0.05601035941703357
0.2,60,6.0,11.583524864596425,-19.19032843062672,12.687619442739939,-434.9951052697501,0.054806725247965045
0.2,60,6.5,11.505298791860039,-19.19032843062675,12.698883511631093,-413.0127117445617,0.05394452482725999
0.2,60,7.0,11.445884322339033,-19.19032843062672,12.707541706919253,-396.3165872375524,0.05330676945404006
0.2,60,7.5,11.400360895749806,-19.19032843062675,12.71423668870206,-383.5239997677494,0.052822238434201
0.2,60,8.0,11.362505182082057,-19.19032843062675,12.719844858463661,-372.886124620602,0.052445769400494134
0.2,90,5.0,11.355643296830037,-30.85482337136449,13.74806349745631,-499.3590800296039,0.061164845518416965
0.2,90,5.5,11.355643296830037,-30.85482337136449,13.74806349745631,-462.24695916987486,0.05941858772100138
0.2,90,6.0,11.355643296830037,-30.85482337136449,13.74806349745631,-434.9951052697501,0.058214953551932846
0.2,90,6.5,11.355643296830037,-30.85482337136449,13.74806349745631,-413.0127117445617,0.05735275313122779
0.2,90,7.0,11.355643296830037,-30.85482337136449,13.74806349745631,-396.3165872375524,0.05671499775800786
0.2,90,7.5,11.355643296830037,-30.85482337136449,13.74806349745631,-383.5239997677494,0.05623046673816881
0.2,90,8.0,11.355643296830037,-30.85482337136449,13.74806349745631,-372.886124620602,0.055853997704461936
0.30000000000000004,0,5.0,0.0,0,5.156844481471899,-501.17722548147987,0.057428625392139006
0.30000000000000004,0,5.5,0.0,0,4.593400929066032,-464.26483083155284,0.055685865043370704
0.30000000000000004,0,6.0,0.0,0,4.096401325044858,-436.68439391530006,0.05448499283355118
0.30000000000000004,0,6.5,0.0,0,3.6444743831223327,-414.82709841291904,0.05362498419812811
0.30000000000000004,0,7.0,0.0,0,3.2554948369537238,-398.0488281518777,0.052988985924128505
0.30000000000000004,0,7.5,0.0,0,2.930584728956621,-385.26925955354534,0.052505879816109595
0.30000000000000004,0,8.0,0.0,0,2.6334119510715315,-374.44655645982596,0.05213057939635708
0.30000000000000004,1,5.0,0.06269086776060712,0.3166912572575288,5.979294821023829,-501.17722548147987,0.057428625392139006
0.30000000000000004,1,5.5,0.05739743620658327,0.3166912572575288,5.513412102855733,-464.26483083155284,0.055685865043370704
0.30000000000000004,1,6.0,0.0534422564781788,0.3166912572575288,5.1050691957023995,-436.68439391530006,0.05448499283355118
0.30000000000000004,1,6.5,0.0503078053325619,0.3166912572575288,4.735855824574689,-414.82709841291904,0.05362498419812811
0.30000000000000004,1,7.0,0.04790171312250498,0.3166912572575287,4.41965578205388,-398.0488281518777,0.052988985924128505
0.30000000000000004,1,7.5,0.04606905576427101,0.3166912572575288,4.1566550286368855,-385.26925955354534,0.052505879816109595
0.30000000000000004,1,8.0,0.04451702321261864,0.31669125725752884,3.9169917628893662,-374.44655645982596,0.05213057939635708
0.30000000000000004,2,5.0,0.12634019782761352,0.6329496851888168,6.021044234485613,-501.17722548147987,0.057428625392139006
0.30000000000000004,2,5.5,0.1157597839505238,0.6329496851888168,5.563142188014212,-464.26483083155284,0.055685865043370704
0.30000000000000004,2,6.0,0.10785424327096521,0.6329496851888168,5.162362389752935,-436.68439391530006,0.05448499283355118
0.30000000000000004,2,6.5,0.10158915982562713,0.6329496851888168,4.800443339705348,-414.82709841291904,0.05362498419812811
0.30000000000000004,2,7.0,0.09677990685824114,0.632949685188817,4.4908338657947535,-398.0488281518777,0.052988985924128505
0.30000000000000004,2,7.5,0.09311682495246501,0.6329496851888168,4.233555979729699,-385.26925955354534,0.052505879816109595
0.30000000000000004,2,8.0,0.09001465076175216,0.6329496851888169,3.9992982077357944,-374.44655645982596,0.05213057939635708
0.30000000000000004,5,5.0,0.31981317143349086,1.5748107686768877,6.106769265790151,-501.17722548147987,0.057428625392139006
0.30000000000000004,5,5.5,0.29347483335381885,1.5748107686768877,5.6648432864038405,-464.26483083155284,0.055685865043370704
0.30000000000000004,5,6.0,0.27379518702432326,1.5748107686768882,5.279143861811045,-436.68439391530006,0.05448499283355118
0.30000000000000004,5,6.5,0.2581992105533103,1.5748107686768877,4.931719532663119,-414.82709841291904,0.05362498419812811
0.30000000000000004,5,7.0,0.24622730359039302,1.5748107686768882,4.6351677153832735,-398.0488281518777,0.052988985924128505
0.30000000000000004,5,7.5,0.23710861591251559,1.5748107686768877,4.389200529545552,-385.26925955354534,0.052505879816109595
0.30000000000000004,5,8.0,0.22938622304904266,1.5748107686768886,4.16560372035877,-374.44655645982596,0.05213057939635708
0.30000000000000004,10,5.0,0.7705800236276387,2.7584376521981486,7.451237773515398,-501.17722548147987,0.057428625392139
0.30000000000000004,10,5.5,0.7187036245430033,2.7584376521981486,7.192853894695206,-464.26483083155284,0.0556858650433707
0.30000000000000004,10,6.0,0.6799422879793521,2.758437652198147,6.9740575668473825,-436.68439391530006,0.054484992833551175
0.30000000000000004,10,6.5,0.6492242108904532,2.7584376521981495,6.782106540456305,-414.82709841291904,0.053624984198128105
0.30000000000000004,10,7.0,0.6256441572996095,2.7584376521981486,6.62197168959012,-398.0488281518777,0.0529889859241285
0.30000000000000004,10,7.5,0.6076838486546684,2.7584376521981477,6.491663448964992,-385.26925955354534,0.05250587981610959
0.30000000000000004,10,8.0,0.5924737039271598,2.7584376521981495,6.375130229328139,-374.44655645982596,0.052130579396357075
0.30000000000000004,15,5.0,1.357648065092835,3.4505926630354384,8.489332003439994,-501.17722548147987,0.057428625392139006
0.30000000000000004,15,5.5,1.2818098431386986,3.4505926630354367,8.33895859990653,-464.26483083155284,0.055685865043370704
0.30000000000000004,15,6.0,1.2251445599381958,3.4505926630354367,8.21444986512977,-436.68439391530006,0.05448499283355118
0.30000000000000004,15,6.5,1.18023773545966,3.45059266303544,8.107285792974693,-414.82709841291904,0.05362498419812811
0.30000000000000004,15,7.0,1.145766003237165,3.4505926630354384,8.01932454669565,-398.0488281518777,0.052988985924128505
0.30000000000000004,15,7.5,1.1195097885149818,3.4505926630354367,7.948692468791272,-385.26925955354534,0.052505879816109595
0.30000000000000004,15,8.0,1.0972740444742783,3.4505926630354384,7.88623241423835,-374.44655645982596,0.05213057939635708
0.30000000000000004,20,5.0,2.12582142581922,3.4577807623440684,9.404365641093248,-501.17722548147987,0.057428625392139006
0.30000000000000004,20,5.5,2.028325686993667,3.457780762344072,9.32618150929303,-464.26483083155284,0.055685865043370704
0.30000000000000004,20,6.0,1.955478203112343,3.4577807623440684,9.262674547011486,-436.68439391530006,0.05448499283355118
0.30000000000000004,20,6.5,1.8977471023820012,3.4577807623440684,9.208882759601844,-414.82709841291904,0.05362498419812811
0.30000000000000004,20,7.0,1.8534310976678972,3.457780762344072,9.165317202590018,-398.0488281518777,0.052988985924128505
0.30000000000000004,20,7.5,1.81967675866652,3.4577807623440684,9.130710807013022,-385.26925955354534,0.052505879816109595
0.30000000000000004,20,8.0,1.791091037143469,3.457780762344072,9.100383440245835,-374.44655645982596,0.05213057939635708
0.30000000000000004,30,5.0,4.518613154076588,0.3306380987954043,10.957755362099949,-501.17722548147987,0.057428625392139006
0.30000000000000004,30,5.5,4.387257500496339,0.3306380987954043,10.955564558845854,-464.26483083155284,0.055685865043370704
0.30000000000000004,30,6.0,4.289110350967789,0.3306380987954114,10.953840030882365,-436.68439391530006,0.05448499283355118
0.30000000000000004,30,6.5,4.211329449364387,0.3306380987954043,10.952416262216676,-414.82709841291904,0.05362498419812811
0.30000000000000004,30,7.0,4.151622657730116,0.3306380987954043,10.951287143675183,-398.0488281518777,0.052988985924128505
0.30000000000000004,30,7.5,4.1061455598168575,0.3306380987954043,10.950405093229858,-385.26925955354534,0.052505879816109595
0.30000000000000004,30,8.0,4.067632121394262,0.3306380987954114,10.949642682184262,-374.44655645982596,0.05213057939635708
0.30000000000000004,40,5.0,7.325979468139795,-5.402551011237222,11.768378852315868,-501.17722548147987,0.057428625392139006
0.30000000000000004,40,5.5,7.176607330229606,-5.402551011237222,11.783727976210221,-464.26483083155284,0.055685865043370704
0.30000000000000004,40,6.0,7.064998509784631,-5.402551011237222,11.795620283854612,-436.68439391530006,0.05448499283355118
0.30000000000000004,40,6.5,6.97654933196539,-5.402551011237236,11.805315107923487,-414.82709841291904,0.05362498419812811
0.30000000000000004,40,7.0,6.908653273660442,-5.402551011237222,11.812925541006004,-398.0488281518777,0.052988985924128505
0.30000000000000004,40,7.5,6.856938626014124,-5.402551011237236,11.81882332397146,-385.26925955354534,0.052505879816109595
0.30000000000000004,40,8.0,6.813142759763564,-5.402551011237222,11.823888030035734,-374.44655645982596,0.05213057939635708
0.30000000000000004,60,5.0,11.817023524828645,-19.146469154378394,12.651172485842832,-501.17722548147987,0.05773584541892842
0.30000000000000004,60,5.5,11.685667871248395,-19.146469154378394,12.66938524846877,-464.26483083155284,0.05599308507016012
0.30000000000000004,60,6.0,11.587520721719844,-19.146469154378394,12.683263102809896,-436.68439391530006,0.0547922128603406
0.30000000000000004,60,6.5,11.509739820116444,-19.146469154378366,12.694429308900212,-414.82709841291904,0.053932204224917527
0.30000000000000004,60,7.0,11.450033028482173,-19.146469154378394,12.703103723693195,-398.0488281518777,0.05329620595091792
0.30000000000000004,60,7.5,11.404555930568915,-19.146469154378366,12.709771734887921,-385.26925955354534,0.05281309984289901
0.30000000000000004,60,8.0,11.366042492146319,-19.146469154378366,12.715460438867531,-374.44655645982596,0.0524377994231465
0.30000000000000004,90,5.0,11.352220480304366,-30.85482337136449,13.748882743071201,-501.17722548147987,0.06114407372289622
0.30000000000000004,90,5.5,11.352220480304366,-30.85482337136449,13.748882743071201,-464.26483083155284,0.05940131337412792
0.30000000000000004,90,6.0,11.352220480304366,-30.85482337136449,13.748882743071201,-436.68439391530006,0.0582004411643084
0.30000000000000004,90,6.5,11.352220480304366,-30.85482337136449,13.748882743071201,-414.82709841291904,0.05734043252888533
0.30000000000000004,90,7.0,11.352220480304366,-30.85482337136449,13.748882743071201,-398.0488281518777,0.05670443425488572
0.30000000000000004,90,7.5,11.352220480304366,-30.85482337136449,13.748882743071201,-385.26925955354534,0.05622132814686681
0.30000000000000004,90,8.0,11.352220480304366,-30.85482337136449,13.748882743071201,-374.44655645982596,0.0558460277271143
0.4,0,5.0,0.0,0,5.15296067075362,-502.9953709333559,0.05740014343527333
0.4,0,5.5,0.0,0,4.595120393135822,-466.2827024932309,0.05566216628074265
0.4,0,6.0,0.0,0,4.0947003766986185,-438.37368256085,0.05446507670760128
0.4,0,6.5,0.0,0,3.647668150840935,-416.64148508127636,0.05360807238513218
0.4,0,7.0,0.0,0,3.2590659810169527,-399.781069066203,0.05297448392216868
0.4,0,7.5,0.0,0,2.9364768504377374,-387.01451933934135,0.0524933327706903
0.4,0,8.0,0.0,0,2.6360380394204674,-376.00698829904985,0.05211963609087477
0.4,1,5.0,0.06295159050063262,0.31845871888176636,5.97214033899033,-502.9953709333559,0.05740014343527333
0.4,1,5.5,0.05768680073566524,0.31845871888176636,5.510449756521579,-466.2827024932309,0.05566216628074265
0.4,1,6.0,0.053684500474383286,0.31845871888176625,5.09888569872347,-438.37368256085,0.05446507670760128
0.4,1,6.5,0.050567989043259425,0.3184587188817662,4.733293206762608,-416.64148508127636,0.05360807238513218
0.4,1,7.0,0.04815011669998315,0.31845871888176636,4.417055622320693,-399.781069066203,0.05297448392216868
0.4,1,7.5,0.046319326316398055,0.3184587188817664,4.155639608568316,-387.01451933934135,0.0524933327706903
0.4,1,8.0,0.04474078846500209,0.31845871888176647,3.91306671083652,-376.00698829904985,0.05211963609087477
0.4,2,5.0,0.1268612710998841,0.6364824550575592,6.013774455306318,-502.9953709333559,0.05740014343527333
0.4,2,5.5,0.11633810590529924,0.6364824550575592,5.559956392765351,-466.2827024932309,0.05566216628074265
0.4,2,6.0,0.10833838156909663,0.6364824550575593,5.155978940309011,-438.37368256085,0.05446507670760128
0.4,2,6.5,0.10210915569596594,0.6364824550575591,4.797574413222158,-416.64148508127636,0.05360807238513218
0.4,2,7.0,0.09727635681441897,0.6364824550575592,4.487894400197257,-399.781069066203,0.05297448392216868
0.4,2,7.5,0.09361700658331956,0.6364824550575594,4.2321369071330475,-387.01451933934135,0.0524933327706903
0.4,2,8.0,0.09046185408574442,0.6364824550575593,3.995006877094302,-376.00698829904985,0.05211963609087477
0.4,5,5.0,0.321109295803779,1.5836050642726485,6.099257886635149,-502.9953709333559,0.05740014343527333
0.4,5,5.5,0.2949134696496277,1.583605064272649,5.661200008940203,-466.2827024932309,0.05566216628074265
0.4,5,6.0,0.2749993673698179,1.5836050642726485,5.272350717515768,-438.37368256085,0.05446507670760128
0.4,5,6.5,0.25949265289464796,1.583605064272649,4.9282307197094,-416.64148508127636,0.05360807238513218
0.4,5,7.0,0.24746213194415215,1.583605064272649,4.631544414924702,-399.781069066203,0.05297448392216868
0.4,5,7.5,0.2383527337052684,1.583605064272649,4.3869718809703455,-387.01451933934135,0.0524933327706903
0.4,5,8.0,0.23049845936974375,1.583605064272649,4.160577948103366,-376.00698829904985,0.05211963609087477
0.4,10,5.0,0.7731249534303031,2.7757590331681206,7.440616824066497,-502.9953709333559,0.05740014343527333
0.4,10,5.5,0.7215292480439668,2.7757590331681214,7.183877918928148,-466.2827024932309,0.05566216628074265
0.4,10,6.0,0.6823061234050971,2.7757590331681223,6.962725985542267,-438.37368256085,0.05446507670760128
0.4,10,6.5,0.6517638581273092,2.7757590331681206,6.772086233825584,-416.64148508127636,0.05360807238513218
0.4,10,7.0,0.628068357517661,2.7757590331681223,6.611410437074577,-399.781069066203,0.05297448392216868
0.4,10,7.5,0.6101263454958041,2.7757590331681223,6.481445496418111,-387.01451933934135,0.0524933327706903
0.4,10,8.0,0.594656444975985,2.7757590331681214,6.363091378187416,-376.00698829904985,0.05211963609087477
0.4,15,5.0,1.3613463765795955,3.4759148279838925,8.477635823714076,-502.9953709333559,0.05740014343527333
0.4,15,5.5,1.285918501360551,3.4759148279838907,8.32786786328332,-466.2827024932309,0.05566216628074265
0.4,15,6.0,1.228578129156915,3.4759148279838925,8.201710265983177,-438.37368256085,0.05446507670760128
0.4,15,6.5,1.1839283243518428,3.4759148279838925,8.095011228877919,-416.64148508127636,0.05360807238513218
0.4,15,7.0,1.1492878198785645,3.4759148279838925,8.006520225518921,-399.781069066203,0.05297448392216868
0.4,15,7.5,1.1230583530299225,3.4759148279838925,7.935884003530104,-387.01451933934135,0.0524933327706903
0.4,15,8.0,1.1004428714249563,3.4759148279838925,7.872276969802219,-376.00698829904985,0.05211963609087477
0.4,20,5.0,2.130530250920522,3.490334310102675,9.392681061228629,-502.9953709333559,0.05740014343527333
0.4,20,5.5,2.033562043688954,3.490334310102682,9.314563035199612,-466.2827024932309,0.05566216628074265
0.4,20,6.0,1.9598466821143306,3.490334310102675,9.250005713971536,-438.37368256085,0.05446507670760128
0.4,20,6.5,1.9024459995070848,3.4903343101026785,9.19627165505642,-416.64148508127636,0.05360807238513218
0.4,20,7.0,1.857913025369656,3.4903343101026785,9.15229613246782,-399.781069066203,0.05297448392216868
0.4,20,7.5,1.824193072771674,3.4903343101026785,9.117569889447974,-387.01451933934135,0.0524933327706903
0.4,20,8.0,1.7951191700461417,3.4903343101026785,9.086580981459111,-376.00698829904985,0.05211963609087477
0.4,30,5.0,4.5247400120540435,0.37449737504376657,10.94816122878332,-502.9953709333559,0.05740014343527333
0.4,30,5.5,4.394095099867693,0.37449737504376657,10.945700418135822,-466.2827024932309,0.05566216628074265
0.4,30,6.0,4.2947786618860855,0.3744973750437737,10.943729540441572,-438.37368256085,0.05446507670760128
0.4,30,6.5,4.217442931415667,0.3744973750437737,10.942130575400645,-416.64148508127636,0.05360807238513218
0.4,30,7.0,4.157443817668132,0.3744973750437737,10.940849077173388,-399.781069066203,0.05297448392216868
0.4,30,7.5,4.112013048430841,0.37449737504376657,10.93985385969374,-387.01451933934135,0.0524933327706903
0.4,30,8.0,4.0728418852534,0.37449737504376657,10.938977942177061,-376.00698829904985,0.05211963609087477
0.4,40,5.0,7.3324931618420015,-5.352676082508651,11.760921844505761,-502.9953709333559,0.05740014343527333
0.4,40,5.5,7.183929249224097,-5.352676082508637,11.776018146608658,-466.2827024932309,0.05566216628074265
0.4,40,6.0,7.070990763010604,-5.352676082508637,11.787918794580058,-438.37368256085,0.05446507670760128
0.4,40,6.5,6.983047815125571,-5.352676082508651,11.797452170015218,-416.64148508127636,0.05360807238513218
0.4,40,7.0,6.914819340378494,-5.352676082508637,11.805015460342368,-399.781069066203,0.05297448392216868
0.4,40,7.5,6.863157375758655,-5.352676082508651,11.810842353901839,-387.01451933934135,0.0524933327706903
0.4,40,8.0,6.8186135725133035,-5.352676082508637,11.815937283905775,-376.00698829904985,0.05211963609087477
0.4,60,5.0,11.820904018905491,-19.10260987813001,12.646930286943439,-502.9953709333559,0.05770736346206275
0.4,60,5.5,11.69025910671914,-19.10260987813004,12.664989980616014,-466.2827024932309,0.055969386307532065
0.4,60,6.0,11.590942668737531,-19.10260987813004,12.678991363969912,-438.37368256085,0.05477229673439069
0.4,60,6.5,11.513606938267115,-19.10260987813001,12.690061239600885,-416.64148508127636,0.0539152924119216
0.4,60,7.0,11.45360782451958,-19.10260987813001,12.698752521456091,-399.781069066203,0.05328170394895809
0.4,60,7.5,11.408177055282287,-19.10260987813004,12.705394297621481,-387.01451933934135,0.052800552797479715
0.4,60,8.0,11.369005892104846,-19.10260987813001,12.711163561852931,-376.00698829904985,0.052426856117664185
0.4,90,5.0,11.347655606272518,-30.85482337136449,13.749976107393298,-502.9953709333559,0.061115591766030535
0.4,90,5.5,11.347655606272518,-30.85482337136449,13.749976107393298,-466.2827024932309,0.05937761461149985
0.4,90,6.0,11.347655606272518,-30.85482337136449,13.749976107393298,-438.37368256085,0.05818052503835848
0.4,90,6.5,11.347655606272518,-30.85482337136449,13.749976107393298,-416.64148508127636,0.057323520715889385
0.4,90,7.0,11.347655606272518,-30.85482337136449,13.749976107393298,-399.781069066203,0.05668993225292588
0.4,90,7.5,11.347655606272518,-30.85482337136449,13.749976107393298,-387.01451933934135,0.0562087811014475
0.4,90,8.0,11.347655606272518,-30.85482337136449,13.749976107393298,-376.00698829904985,0.05583508442163197
0.5,0,5.0,0.0,0,5.149110060739237,-504.8135163852318,0.05736476202623675
0.5,0,5.5,0.0,0,4.596822011904019,-468.30057415490893,0.05563268851569178
0.5,0,6.0,0.0,0,4.093015364114964,-440.06297120639994,0.0544402826604001
0.5,0,6.5,0.0,0,3.650827732859964,-418.4558717496337,0.053587005824543045
0.5,0,7.0,0.0,0,3.262598710833063,-401.5133099805283,0.05295641131179288
0.5,0,7.5,0.0,0,2.94230248204016,-388.7597791251373,0.052477691346922956
0.5,0,8.0,0.0,0,2.638636637200539,-377.5674201382737,0.052105990501955406
0.5,1,5.0,0.06321231319481517,0.3202261805060037,5.9650448714097495,-504.8135163852318,0.05736476202623675
0.5,1,5.5,0.05797616521890424,0.3202261805060037,5.507516976521913,-468.30057415490893,0.05563268851569178
0.5,1,6.0,0.053926744424744794,0.3202261805060038,5.092757750393793,-440.06297120639994,0.0544402826604001
0.5,1,6.5,0.05082817270811399,0.3202261805060037,4.730756818774107,-418.4558717496337,0.053587005824543045
0.5,1,7.0,0.04839852023161833,0.3202261805060038,4.414482146763687,-401.5133099805283,0.05295641131179288
0.5,1,7.5,0.04656959682268211,0.3202261805060038,4.154635095707172,-388.7597791251373,0.052477691346922956
0.5,1,8.0,0.04496455367154255,0.32022618050600377,3.9091807174176276,-377.5674201382737,0.052105990501955406
0.5,2,5.0,0.12738234362413023,0.6400152249263016,6.006564122488618,-504.8135163852318,0.05736476202623675
0.5,2,5.5,0.11691642711205026,0.6400152249263016,5.556802079284785,-468.30057415490893,0.05563268851569178
0.5,2,6.0,0.10882251911920361,0.6400152249263015,5.149652248835497,-440.06297120639994,0.0544402826604001
0.5,2,6.5,0.10262915081828032,0.6400152249263016,4.794734513530835,-418.4558717496337,0.053587005824543045
0.5,2,7.0,0.09777280602257235,0.6400152249263018,4.484984735305136,-401.5133099805283,0.05295641131179288
0.5,2,7.5,0.09411718746614967,0.6400152249263018,4.230732863686824,-388.7597791251373,0.052477691346922956
0.5,2,8.0,0.09090905666171224,0.6400152249263016,3.9907577086811346,-377.5674201382737,0.052105990501955406
0.5,5,5.0,0.3224053892629556,1.5923993598684087,6.091806427966012,-504.8135163852318,0.05736476202623675
0.5,5,5.5,0.29635207503432487,1.5923993598684092,5.6575915434667134,-468.30057415490893,0.05563268851569178
0.5,5,6.0,0.2762035168042009,1.5923993598684092,5.265616160916521,-440.06297120639994,0.0544402826604001
0.5,5,6.5,0.2607860643248741,1.5923993598684092,4.924775790497975,-418.4558717496337,0.053587005824543045
0.5,5,7.0,0.24869692938679971,1.5923993598684096,4.627956299396829,-401.5133099805283,0.05295641131179288
0.5,5,7.5,0.23959682058690962,1.5923993598684087,4.384765519676442,-388.7597791251373,0.052477691346922956
0.5,5,8.0,0.23161066477933323,1.5923993598684096,4.155599527585368,-377.5674201382737,0.052105990501955406
0.5,10,5.0,0.775669344933457,2.793080414138096,7.430063069179294,-504.8135163852318,0.05736476202623675
0.5,10,5.5,0.7243543332454191,2.7930804141380925,7.17496910609097,-468.30057415490893,0.05563268851569178
0.5,10,6.0,0.6846694205313312,2.7930804141380943,6.95146944187466,-440.06297120639994,0.0544402826604001
0.5,10,6.5,0.6543029670646545,2.7930804141380943,6.762140201902852,-418.4558717496337,0.053587005824543045
0.5,10,7.0,0.6304920194362017,2.7930804141380943,6.600926616898585,-401.5133099805283,0.05295641131179288
0.5,10,7.5,0.6125683040374289,2.7930804141380934,6.4713050211890915,-388.7597791251373,0.052477691346922956
0.5,10,8.0,0.5968386477252995,2.7930804141380943,6.351136362459719,-377.5674201382737,0.052105990501955406
0.5,15,5.0,1.3650417576251777,3.501236992932345,8.465997514514248,-504.8135163852318,0.05736476202623675
0.5,15,5.5,1.2900242291412252,3.501236992932343,8.316841607955539,-468.30057415490893,0.05563268851569178
0.5,15,6.0,1.2320087679344558,3.501236992932343,8.18903491670617,-440.06297120639994,0.0544402826604001
0.5,15,6.5,1.1876159828028474,3.501236992932345,8.082805678031388,-418.4558717496337,0.053587005824543045
0.5,15,7.0,1.1528067060787859,3.501236992932345,7.9937864179603615,-401.5133099805283,0.05295641131179288
0.5,15,7.5,1.1266039871036846,3.501236992932345,7.923148142265747,-388.7597791251373,0.052477691346922956
0.5,15,8.0,1.103608767934456,3.501236992932343,7.858393242484515,-377.5674201382737,0.052105990501955406
0.5,20,5.0,2.1352292446174395,3.5228878578612886,9.381040420507226,-504.8135163852318,0.05736476202623675
0.5,20,5.5,2.0387885689798564,3.522887857861292,9.302995909464956,-468.30057415490893,0.05563268851569178
0.5,20,6.0,1.9642053297119328,3.522887857861285,9.23738425558374,-440.06297120639994,0.0544402826604001
0.5,20,6.5,1.9071350652277836,3.5228878578612886,9.183713171500424,-418.4558717496337,0.053587005824543045
0.5,20,7.0,1.8623851216670297,3.5228878578612886,9.139327748218843,-401.5133099805283,0.05295641131179288
0.5,20,7.5,1.8286995554724428,3.5228878578612886,9.104483522578821,-388.7597791251373,0.052477691346922956
0.5,20,8.0,1.7991374715444297,3.5228878578612886,9.072829627671572,-377.5674201382737,0.052105990501955406
0.5,30,5.0,4.530813105229641,0.41835665129212884,10.93859194708273,-504.8135163852318,0.05736476202623675
0.5,30,5.5,4.40087893443719,0.41835665129212884,10.935865767331741,-468.30057415490893,0.05563268851569178
0.5,30,6.0,4.300393208002525,0.41835665129213595,10.933644486516435,-440.06297120639994,0.0544402826604001
0.5,30,6.5,4.22350264866509,0.41835665129212174,10.931873404145874,-418.4558717496337,0.053587005824543045
0.5,30,7.0,4.163211212804291,0.41835665129212884,10.930438902372503,-401.5133099805283,0.05295641131179288
0.5,30,7.5,4.1178267722429664,0.41835665129212884,10.929331368169514,-388.7597791251373,0.052477691346922956
0.5,30,8.0,4.0779978843106806,0.41835665129212884,10.928339098333051,-377.5674201382737,0.052105990501955406
0.5,40,5.0,7.521700400584091,-5.784907768957623,11.800023579480346,-504.8135163852318,0.05736476202623675
0.5,40,5.5,7.373944713258471,-5.784907768957609,11.815434363634036,-468.30057415490893,0.05563268851569178
0.5,40,6.0,7.25967656127646,-5.784907768957609,11.827782587481517,-440.06297120639994,0.0544402826604001
0.5,40,6.5,7.172239843325634,-5.784907768957609,11.837497037326752,-418.4558717496337,0.053587005824543045
0.5,40,7.0,7.103678952136427,-5.784907768957609,11.84528160975554,-401.5133099805283,0.05295641131179288
0.5,40,7.5,7.052069670543067,-5.784907768957623,11.851241308856483,-388.7597791251373,0.052477691346922956
0.5,40,8.0,7.006777930302925,-5.784907768957623,11.856543806686531,-377.5674201382737,0.052105990501955406
0.5,60,5.0,12.006922178233706,-19.540857217059255,12.658393802348574,-504.8135163852318,0.05767198205302616
0.5,60,5.5,11.876988007441255,-19.540857217059255,12.676198269341484,-468.30057415490893,0.055939908542481195
0.5,60,6.0,11.77650228100659,-19.540857217059255,12.690236919428424,-440.06297120639994,0.05474750268718952
0.5,60,6.5,11.699611721669156,-19.540857217059255,12.701141999583786,-418.4558717496337,0.05389422585133246
0.5,60,7.0,11.639320285808356,-19.540857217059255,12.70979367405463,-401.5133099805283,0.05326363133858229
0.5,60,7.5,11.593935845247032,-19.540857217059255,12.716365591296341,-388.7597791251373,0.05278491137371237
0.5,60,8.0,11.554106957314746,-19.540857217059255,12.722175569666657,-377.5674201382737,0.05241321052874482
0.5,90,5.0,13.353119404087273,-36.15799613831774,13.738759244635894,-504.8135163852318,0.06108021035699396
0.5,90,5.5,13.353119404087273,-36.15799613831774,13.738759244635894,-468.30057415490893,0.059348136846448976
0.5,90,6.0,13.353119404087273,-36.15799613831774,13.738759244635894,-440.06297120639994,0.058155730991157305
0.5,90,6.5,13.353119404087273,-36.15799613831774,13.738759244635894,-418.4558717496337,0.05730245415530025
0.5,90,7.0,13.353119404087273,-36.15799613831774,13.738759244635894,-401.5133099805283,0.05667185964255008
0.5,90,7.5,13.353119404087273,-36.15799613831774,13.738759244635894,-388.7597791251373,0.05619313967768016
0.5,90,8.0,13.353119404087273,-36.15799613831774,13.738759244635894,-377.5674201382737,0.05582143883271261
0.6000000000000001,0,5.0,0.0,0,5.157384319286114,-509.60951854591804,0.058503580577063605
0.6000000000000001,0,5.5,0.0,0,4.601611544405429,-472.42423827841975,0.05677824556211187
0.6000000000000001,0,6.0,0.0,0,4.101140323418896,-444.04288026035465,0.055591221041605694
0.6000000000000001,0,6.5,0.0,0,3.6567836065638506,-422.0724290399126,0.05474224480949477
0.6000000000000001,0,7.0,0.0,0,3.262889285756489,-404.6986020621391,0.05411511448815952
0.6000000000000001,0,7.5,0.0,0,2.9396313627821438,-391.70413524908537,0.05363921339367711
0.6000000000000001,0,8.0,0.0,0,2.635972798207734,-380.4090940696817,0.053269830250839034
0.6000000000000001,1,5.0,0.06390007615865552,0.32376110375447875,5.964249933907542,-509.60951854591804,0.058503580577063605
0.6000000000000001,1,5.5,0.05856751137167861,0.32376110375447886,5.502929527255264,-472.42423827841975,0.05677824556211187
0.6000000000000001,1,6.0,0.05449747534438526,0.32376110375447875,5.090081920474055,-444.04288026035465,0.055591221041605694
0.6000000000000001,1,6.5,0.0513467970735931,0.32376110375447864,4.7255471257066946,-422.0724290399126,0.05474224480949477
0.6000000000000001,1,7.0,0.04885529889769574,0.3237611037544788,4.403988463900775,-404.6986020621391,0.05411511448815952
0.6000000000000001,1,7.5,0.0469918240050943,0.3237611037544787,4.14119519306301,-391.70413524908537,0.05363921339367711
0.6000000000000001,1,8.0,0.045372055687430524,0.32376110375447875,3.895233874326494,-380.4090940696817,0.053269830250839034
0.6000000000000001,2,5.0,0.12875697574137343,0.6470807646637864,6.00533010772111,-509.60951854591804,0.058503580577063605
0.6000000000000001,2,5.5,0.1180983430761939,0.6470807646637866,5.55175896774316,-472.42423827841975,0.05677824556211187
0.6000000000000001,2,6.0,0.10996322973356548,0.6470807646637866,5.146408380397243,-444.04288026035465,0.055591221041605694
0.6000000000000001,2,6.5,0.10366571180812933,0.6470807646637862,4.788933704326416,-422.0724290399126,0.05474224480949477
0.6000000000000001,2,7.0,0.09868575096307608,0.6470807646637866,4.473945106046463,-404.6986020621391,0.05411511448815952
0.6000000000000001,2,7.5,0.09496107153498354,0.6470807646637864,4.216759100388494,-391.70413524908537,0.05363921339367711
0.6000000000000001,2,8.0,0.09172350833784487,0.6470807646637864,3.976239496262802,-380.4090940696817,0.053269830250839034
0.6000000000000001,5,5.0,0.3258262602498896,1.609987951059931,6.089681080338881,-509.60951854591804,0.058503580577063605
0.6000000000000001,5,5.5,0.2992932083424956,1.609987951059931,5.651627850343759,-472.42423827841975,0.05677824556211187
0.6000000000000001,5,6.0,0.27904207563410915,1.6099879510599306,5.2612318227160815,-444.04288026035465,0.055591221041605694
0.6000000000000001,5,6.5,0.26336535843667613,1.6099879510599302,4.917792984603713,-422.0724290399126,0.05474224480949477
0.6000000000000001,5,7.0,0.25096850006381444,1.6099879510599309,4.615828128711687,-404.6986020621391,0.05411511448815952
0.6000000000000001,5,7.5,0.24169647468228145,1.609987951059931,4.369730342716099,-391.70413524908537,0.05363921339367711
0.6000000000000001,5,8.0,0.23363705139023183,1.609987951059931,4.139949107662748,-380.4090940696817,0.053269830250839034
0.6000000000000001,10,5.0,0.7823982277753612,2.82772317607804,7.416754034941759,-509.60951854591804,0.058503580577063605
0.6000000000000001,10,5.5,0.7301383173164071,2.827723176078039,7.15806825623747,-472.42423827841975,0.05677824556211187
0.6000000000000001,10,6.0,0.690251372319411,2.82772317607804,6.934270748262702,-444.04288026035465,0.055591221041605694
0.6000000000000001,10,6.5,0.6593742670437872,2.8277231760780372,6.742432943135699,-422.0724290399126,0.05474224480949477
0.6000000000000001,10,7.0,0.6349572225666102,2.82772317607804,6.57752046274404,-404.6986020621391,0.05411511448815952
0.6000000000000001,10,7.5,0.6166948976028909,2.827723176078039,6.445640706733357,-391.70413524908537,0.05363921339367711
0.6000000000000001,10,8.0,0.6008209325172555,2.827723176078038,6.324495314082704,-380.4090940696817,0.053269830250839034
0.6000000000000001,15,5.0,1.3931387349925743,3.5036706613114976,8.515980419329757,-509.60951854591804,0.058503580577063605
0.6000000000000001,15,5.5,1.3167398569165651,3.503670661311496,8.370060053988013,-472.42423827841975,0.05677824556211187
0.6000000000000001,15,6.0,1.258429044270925,3.5036706613114976,8.24676556761011,-444.04288026035465,0.055591221041605694
0.6000000000000001,15,6.5,1.213289736136341,3.503670661311494,8.143183418397406,-422.0724290399126,0.05474224480949477
0.6000000000000001,15,7.0,1.177594405095667,3.503670661311494,8.055649890327565,-404.6986020621391,0.05411511448815952
0.6000000000000001,15,7.5,1.1508966720526017,3.503670661311496,7.986631377870236,-391.70413524908537,0.05363921339367711
0.6000000000000001,15,8.0,1.1276904875698939,3.503670661311494,7.923984307611054,-380.4090940696817,0.053269830250839034
0.6000000000000001,20,5.0,2.147782737350938,3.5879949533785087,9.360370152013308,-509.60951854591804,0.058503580577063605
0.6000000000000001,20,5.5,2.049566232908515,3.587994953378505,9.280315975933032,-472.42423827841975,0.05677824556211187
0.6000000000000001,20,6.0,1.9746032971497738,3.587994953378505,9.21385654860248,-444.04288026035465,0.055591221041605694
0.6000000000000001,20,6.5,1.916573321192307,3.5879949533785016,9.158839293640359,-422.0724290399126,0.05474224480949477
0.6000000000000001,20,7.0,1.8706842881590982,3.587994953378505,9.11291581341353,-404.6986020621391,0.05411511448815952
0.6000000000000001,20,7.5,1.8363623441454955,3.5879949533785087,9.07706782217479,-391.70413524908537,0.05363921339367711
0.6000000000000001,20,8.0,1.806529048438326,3.587994953378505,9.044801480493236,-380.4090940696817,0.053269830250839034
0.6000000000000001,30,5.0,4.565707878962225,0.4578645422711034,10.9306444716807,-509.60951854591804,0.058503580577063605
0.6000000000000001,30,5.5,4.433381140493317,0.4578645422711034,10.92765123244026,-472.42423827841975,0.05677824556211187
0.6000000000000001,30,6.0,4.332383850360438,0.4578645422710963,10.925243630215217,-444.04288026035465,0.055591221041605694
0.6000000000000001,30,6.5,4.254200275252833,0.4578645422710963,10.923301368818974,-422.0724290399126,0.05474224480949477
0.6000000000000001,30,7.0,4.192374148297395,0.4578645422710963,10.921714170890144,-404.6986020621391,0.05411511448815952
0.6000000000000001,30,7.5,4.146132318219895,0.4578645422711034,10.920496110463537,-391.70413524908537,0.05363921339367711
0.6000000000000001,30,8.0,4.105938027646028,0.4578645422711034,10.919415060336433,-380.4090940696817,0.053269830250839034
0.6000000000000001,40,5.0,7.539885870722643,-5.685157911500454,11.784938971158514,-509.60951854591804,0.058503580577063605
0.6000000000000001,40,5.5,7.389409455821267,-5.685157911500454,11.80029349891008,-472.42423827841975,0.05677824556211187
0.6000000000000001,40,6.0,7.2745595750655285,-5.685157911500454,11.81244015244146,-444.04288026035465,0.055591221041605694
0.6000000000000001,40,6.5,7.185652493832439,-5.68515791150044,11.82210969590275,-422.0724290399126,0.05474224480949477
0.6000000000000001,40,7.0,7.115346416322053,-5.685157911500454,11.829927290434231,-404.6986020621391,0.05411511448815952
0.6000000000000001,40,7.5,7.06276214734473,-5.685157911500454,11.835876068178413,-391.70413524908537,0.05363921339367711
0.6000000000000001,40,8.0,7.017054886551926,-5.685157911500454,11.841119290500465,-380.4090940696817,0.053269830250839034
0.6000000000000001,60,5.0,12.751216773703968,-21.38156512527283,12.707753310198882,-509.60951854591804,0.058818039242805736
0.6000000000000001,60,5.5,12.61889003523506,-21.38156512527283,12.725337174190743,-472.42423827841975,0.057092704227854
0.6000000000000001,60,6.0,12.51789274510218,-21.3815651252728,12.739008065539116,-444.04288026035465,0.055905679707347826
0.6000000000000001,60,6.5,12.439709169994575,-21.38156512527283,12.749743350196114,-422.0724290399126,0.055056703475236904
0.6000000000000001,60,7.0,12.377883043039137,-21.38156512527283,12.758328639448145,-404.6986020621391,0.05442957315390165
0.6000000000000001,60,7.5,12.331641212961637,-21.38156512527283,12.764806136895013,-391.70413524908537,0.05395367205941924
0.6000000000000001,60,8.0,12.29144692238777,-21.38156512527283,12.770476096560794,-380.4090940696817,0.053584288916581166
0.6000000000000001,90,5.0,18.648226492305362,-50.13908797846727,13.719606460826265,-509.60951854591804,0.06230657134213045
0.6000000000000001,90,5.5,18.648226492305362,-50.13908797846727,13.719606460826265,-472.42423827841975,0.06058123632717871
0.6000000000000001,90,6.0,18.648226492305362,-50.13908797846727,13.719606460826265,-444.04288026035465,0.05939421180667254
0.6000000000000001,90,6.5,18.648226492305362,-50.13908797846727,13.719606460826265,-422.0724290399126,0.058545235574561615
0.6000000000000001,90,7.0,18.648226492305362,-50.13908797846727,13.719606460826265,-404.6986020621391,0.05791810525322636
0.6000000000000001,90,7.5,18.648226492305362,-50.13908797846727,13.719606460826265,-391.70413524908537,0.05744220415874395
0.6000000000000001,90,8.0,18.648226492305362,-50.13908797846727,13.719606460826265,-380.4090940696817,0.05707282101590588
0.7000000000000001,0,5.0,0.0,0,5.1654761106948275,-514.4055207066043,0.06145586117519583
0.7000000000000001,0,5.5,0.0,0,4.606301605327348,-476.54790240193046,0.05973764095637055
0.7000000000000001,0,6.0,0.0,0,4.109089817717946,-448.02278931430936,0.05855637244472595
0.7000000000000001,0,6.5,0.0,0,3.662615062151869,-425.6889863301916,0.05771203408944722
0.7000000000000001,0,7.0,0.0,0,3.2631742245943975,-407.88389414374996,0.05708866069901147
0.7000000000000001,0,7.5,0.0,0,2.9370101454306115,-394.6484913730335,0.05661582918084119
0.7000000000000001,0,8.0,0.0,0,2.633358791469535,-383.25076800108985,0.0562489776688836
0.7000000000000001,1,5.0,0.06458783907618666,0.3272960270029537,5.963471922540196,-514.4055207066043,0.06145586117519583
0.7000000000000001,1,5.5,0.05915885747814376,0.3272960270029538,5.498433785046045,-476.54790240193046,0.05973764095637055
0.7000000000000001,1,6.0,0.05506820621771651,0.32729602700295374,5.0874615505504135,-448.02278931430936,0.05855637244472595
0.7000000000000001,1,6.5,0.05186542139276302,0.3272960270029538,4.720441614869738,-425.6889863301916,0.05771203408944722
0.7000000000000001,1,7.0,0.04931207751746394,0.32729602700295385,4.393689181152986,-407.88389414374996,0.05708866069901147
0.7000000000000001,1,7.5,0.047414051141197296,0.32729602700295374,4.127994651209519,-394.6484913730335,0.05661582918084119
0.7000000000000001,1,8.0,0.04577955765700931,0.3272960270029538,3.881535316776711,-383.25076800108985,0.0562489776688836
0.7000000000000001,2,5.0,0.13013160709531596,0.6541463044012714,6.00412213424946,-514.4055207066043,0.06145586117519583
0.7000000000000001,2,5.5,0.11928025827703684,0.6541463044012714,5.54681576277576,-476.54790240193046,0.05973764095637055
0.7000000000000001,2,6.0,0.11110393958462664,0.6541463044012712,5.143231081481298,-448.02278931430936,0.05855637244472595
0.7000000000000001,2,6.5,0.10470227203467769,0.6541463044012715,4.783247706538037,-425.6889863301916,0.05771203408944722
0.7000000000000001,2,7.0,0.0995986951402791,0.6541463044012714,4.463107810100983,-407.88389414374996,0.05708866069901147
0.7000000000000001,2,7.5,0.09580495484051675,0.6541463044012716,4.2030314544289915,-394.6484913730335,0.05661582918084119
0.7000000000000001,2,8.0,0.09253795925067683,0.6541463044012714,3.9619767829838306,-383.25076800108985,0.0562489776688836
0.7000000000000001,5,5.0,0.32924709872981306,1.627576542251453,6.087599409287419,-514.4055207066043,0.06145586117519583
0.7000000000000001,5,5.5,0.3022343091436557,1.627576542251452,5.645779647001707,-476.54790240193046,0.05973764095637055
0.7000000000000001,5,6.0,0.2818806019570068,1.6275765422514525,5.256935119867495,-448.02278931430936,0.05855637244472595
0.7000000000000001,5,6.5,0.2659446200414677,1.627576542251453,4.910944877706249,-425.6889863301916,0.05771203408944722
0.7000000000000001,5,7.0,0.2532400382338186,1.627576542251453,4.6039167131028975,-407.88389414374996,0.05708866069901147
0.7000000000000001,5,7.5,0.2437960962706426,1.6275765422514525,4.354953251583854,-394.6484913730335,0.05661582918084119
0.7000000000000001,5,8.0,0.23566340549411982,1.627576542251452,4.124566879947455,-383.25076800108985,0.0562489776688836
0.7000000000000001,10,5.0,0.7891265158488519,2.8623659380179847,7.403669238958144,-514.4055207066043,0.06145586117519583
0.7000000000000001,10,5.5,0.7359217066189814,2.862365938017982,7.141429927497702,-476.54790240193046,0.05973764095637055
0.7000000000000001,10,6.0,0.6958327293390774,2.8623659380179847,6.917344473233046,-448.02278931430936,0.05855637244472595
0.7000000000000001,10,6.5,0.6644449722545067,2.8623659380179847,6.723022654723695,-425.6889863301916,0.05771203408944722
0.7000000000000001,10,7.0,0.6394218309286053,2.862365938017984,6.554437043579678,-407.88389414374996,0.05708866069901147
0.7000000000000001,10,7.5,0.6208208963999393,2.862365938017984,6.420313155976669,-394.6484913730335,0.05661582918084119
0.7000000000000001,10,8.0,0.6048026225407983,2.8623659380179847,6.298200443769612,-383.25076800108985,0.0562489776688836
0.7000000000000001,15,5.0,1.4029457075981981,3.554314991208404,8.497462019547333,-514.4055207066043,0.06145586117519583
0.7000000000000001,15,5.5,1.3251654799301318,3.554314991208404,8.348760932095546,-476.54790240193046,0.05973764095637055
0.7000000000000001,15,6.0,1.2665593158456208,3.554314991208402,8.224651850388833,-448.02278931430936,0.05855637244472595
0.7000000000000001,15,6.5,1.220673484708062,3.554314991208404,8.119162292721889,-425.6889863301916,0.05771203408944722
0.7000000000000001,15,7.0,1.1840920993507755,3.554314991208404,8.029206099759845,-407.88389414374996,0.05708866069901147
0.7000000000000001,15,7.5,1.1568993522397457,3.554314991208402,7.958651077071448,-394.6484913730335,0.05661582918084119
0.7000000000000001,15,8.0,1.133482202443559,3.554314991208404,7.895179445225912,-383.25076800108985,0.0562489776688836
0.7000000000000001,20,5.0,2.178610901957383,3.6048913873779647,9.376253572594155,-514.4055207066043,0.06145586117519583
0.7000000000000001,20,5.5,2.078618568710121,3.604891387377968,9.296655159129589,-476.54790240193046,0.05973764095637054
0.7000000000000001,20,6.0,2.003275936460561,3.604891387377968,9.23142966220014,-448.02278931430936,0.058556372444725946
0.7000000000000001,20,6.5,1.9442862490297776,3.604891387377968,9.17683284817559,-425.6889863301916,0.057712034089447216
0.7000000000000001,20,7.0,1.8972581265241129,3.604891387377968,9.130874628278708,-407.88389414374996,0.057088660699011466
0.7000000000000001,20,7.5,1.8622998046914945,3.604891387377968,9.095207615194063,-394.6484913730335,0.05661582918084118
0.7000000000000001,20,8.0,1.8321952972051694,3.6048913873779718,9.063402106284055,-383.25076800108985,0.05624897766888359
0.7000000000000001,30,5.0,4.728537833454664,0.15989780262576403,10.997112349534126,-514.4055207066043,0.06145586117519583
0.7000000000000001,30,5.5,4.593818527309298,0.15989780262576403,10.996120669362435,-476.54790240193046,0.05973764095637055
0.7000000000000001,30,6.0,4.492309673478206,0.15989780262575692,10.99533416180819,-448.02278931430936,0.05855637244472595
0.7000000000000001,30,6.5,4.412833082600429,0.15989780262576403,10.994693107919847,-425.6889863301916,0.05771203408944722
0.7000000000000001,30,7.0,4.349472264550352,0.15989780262575692,10.99416525952509,-407.88389414374996,0.05708866069901147
0.7000000000000001,30,7.5,4.302373044956677,0.15989780262576403,10.993762809853836,-394.6484913730335,0.05661582918084119
0.7000000000000001,30,8.0,4.26181335174123,0.15989780262575692,10.993409110173454,-383.25076800108985,0.0562489776688836
0.7000000000000001,40,5.0,7.740692035878389,-6.067514669220856,11.81477437501176,-514.4055207066043,0.06145586117519583
0.7000000000000001,40,5.5,7.5874948934012565,-6.06751466922087,11.830600817302606,-476.54790240193046,0.05973764095637055
0.7000000000000001,40,6.0,7.472063283871792,-6.06751466922087,11.84295450542483,-448.02278931430936,0.05855637244472595
0.7000000000000001,40,6.5,7.381685839356438,-6.06751466922087,11.852896529095814,-425.6889863301916,0.05771203408944722
0.7000000000000001,40,7.0,7.309634575524873,-6.067514669220856,11.860998696533041,-407.88389414374996,0.05708866069901147
0.7000000000000001,40,7.5,7.256075319163587,-6.067514669220856,11.867125697165285,-394.6484913730335,0.05661582918084119
0.7000000000000001,40,8.0,7.209952537818122,-6.067514669220856,11.872474937809175,-383.25076800108985,0.0562489776688836
0.7000000000000001,60,5.0,14.042960138507153,-24.66859287901906,12.787579754284401,-514.4055207066043,0.06178870669077702
0.7000000000000001,60,5.5,13.908240832361788,-24.66859287901906,12.804595200777628,-476.54790240193046,0.06007048647195173
0.7000000000000001,60,6.0,13.806731978530696,-24.668592879019087,12.817635429388748,-448.02278931430936,0.05888921796030713
0.7000000000000001,60,6.5,13.727255387652919,-24.668592879019087,12.827979917378755,-425.6889863301916,0.0580448796050284
0.7000000000000001,60,7.0,13.663894569602842,-24.668592879019087,12.836313023978404,-407.88389414374996,0.05742150621459265
0.7000000000000001,60,7.5,13.616795350009166,-24.668592879019087,12.842557682231593,-394.6484913730335,0.05694867469642237
0.7000000000000001,60,8.0,13.57623565679372,-24.66859287901906,12.84797001836652,-383.25076800108985,0.05658182318446478
0.7000000000000001,90,5.0,23.026508313970748,-61.70964674272892,13.71086722930561,-514.4055207066043,0.06548121827248508
0.7000000000000001,90,5.5,23.026508313970748,-61.70964674272892,13.71086722930561,-476.54790240193046,0.0637629980536598
0.7000000000000001,90,6.0,23.026508313970748,-61.70964674272892,13.71086722930561,-448.02278931430936,0.0625817295420152
0.7000000000000001,90,6.5,23.026508313970748,-61.70964674272892,13.71086722930561,-425.6889863301916,0.06173739118673647
0.7000000000000001,90,7.0,23.026508313970748,-61.70964674272892,13.71086722930561,-407.88389414374996,0.06111401779630072
0.7000000000000001,90,7.5,23.026508313970748,-61.70964674272892,13.71086722930561,-394.6484913730335,0.060641186278130435
0.7000000000000001,90,8.0,23.026508313970748,-61.70964674272892,13.71086722930561,-383.25076800108985,0.060274334766172846
0.8,0,5.0,0.0,0,5.1616052827432455,-520.4183365563117,0.06141100611260976
0.8,0,5.5,0.0,0,4.599681473341204,-481.88838021446236,0.05969958331211225
0.8,0,6.0,0.0,0,4.106403854333421,-453.21951205728527,0.058523961215959916
0.8,0,6.5,0.0,0,3.658738355675637,-430.5223573094917,0.05768424702513057
0.8,0,7.0,0.0,0,3.25482091994142,-412.2859999143819,0.057064660888343596
0.8,0,7.5,0.0,0,2.926693971043579,-398.80966118600276,0.05659494832078716
0.8,0,8.0,0.0,0,2.6239606197992846,-387.3092556215191,0.056230684533636034
0.8,1,5.0,0.06545009943068628,0.3325984118756663,5.949218032182591,-520.4183365563117,0.06141100611260976
0.8,1,5.5,0.059924701021577376,0.3325984118756663,5.480655473143458,-481.88838021446236,0.05969958331211225
0.8,1,6.0,0.05581343452801622,0.3325984118756662,5.0718175475684415,-453.21951205728527,0.058523961215959916
0.8,1,6.5,0.05255854314890138,0.3325984118756662,4.702776559370336,-430.5223573094917,0.05768424702513057
0.8,1,7.0,0.0499433535742006,0.3325984118756662,4.371414845369619,-412.2859999143819,0.057064660888343596
0.8,1,7.5,0.04801077571426875,0.33259841187566624,4.103349454416918,-398.80966118600276,0.05659494832078716
0.8,1,8.0,0.04636155706355655,0.33259841187566624,3.856914860903358,-387.3092556215191,0.056230684533636034
0.8,2,5.0,0.13185502004692806,0.6647446140074988,5.989446564403589,-520.4183365563117,0.06141100611260976
0.8,2,5.5,0.12081095507554937,0.6647446140074986,5.528574065959999,-481.88838021446236,0.05969958331211225
0.8,2,6.0,0.11259343103335742,0.6647446140074987,5.126990030628848,-453.21951205728527,0.058523961215959916
0.8,2,6.5,0.10608761385889562,0.6647446140074991,4.764931364514857,-430.5223573094917,0.05768424702513057
0.8,2,7.0,0.10086042091515174,0.664744614007499,4.440189783633819,-412.2859999143819,0.057064660888343596
0.8,2,7.5,0.09699761974371957,0.6647446140074988,4.177722408322094,-398.80966118600276,0.05659494832078716
0.8,2,8.0,0.09370119176117839,0.6647446140074991,3.9366251745072507,-387.3092556215191,0.056230684533636034
0.8,5,5.0,0.3335361447637673,1.6539594290387347,6.072066689102343,-520.4183365563117,0.06141100611260976
0.8,5,5.5,0.3060436174988466,1.6539594290387347,5.626601998898574,-481.88838021446236,0.05969958331211225
0.8,5,6.0,0.2855873358339353,1.6539594290387347,5.239496558139159,-453.21951205728527,0.058523961215959916
0.8,5,6.5,0.26939208920029,1.6539594290387352,4.891328732685052,-430.5223573094917,0.05768424702513057
0.8,5,7.0,0.25637978395785355,1.6539594290387347,4.5797193836448225,-412.2859999143819,0.057064660888343596
0.8,5,7.5,0.2467639254130347,1.6539594290387352,4.328329688785517,-398.80966118600276,0.05659494832078716
0.8,5,8.0,0.23855796715203875,1.6539594290387347,4.0977725571788675,-387.3092556215191,0.056230684533636034
0.8,10,5.0,0.7975642795635568,2.914330080927903,7.376889965498658,-520.4183365563117,0.06141100611260976
0.8,10,5.5,0.7434145715627699,2.9143300809279005,7.110732842368611,-481.88838021446236,0.05969958331211225
0.8,10,6.0,0.7031235619999577,2.914330080927903,6.886094354235726,-453.21951205728527,0.058523961215959916
0.8,10,6.5,0.6712251531064403,2.914330080927903,6.68912081628841,-430.5223573094917,0.05768424702513057
0.8,10,7.0,0.6455959149318146,2.9143300809279022,6.516757262526001,-412.2859999143819,0.057064660888343596
0.8,10,7.5,0.6266563708382019,2.914330080927903,6.380324703019618,-398.80966118600276,0.05659494832078716
0.8,10,8.0,0.6104937882055553,2.914330080927905,6.257201816488618,-387.3092556215191,0.056230684533636034
0.8,15,5.0,1.4335356318376011,3.5820708245360073,8.532161327277846,-520.4183365563117,0.06141100611260976
0.8,15,5.5,1.3543740545774778,3.582070824536009,8.386111351429891,-481.88838021446236,0.05969958331211225
0.8,15,6.0,1.295472539054096,3.5820708245360073,8.265858938144246,-453.21951205728527,0.058523961215959916
0.8,15,6.5,1.248840184913562,3.5820708245360056,8.162609800599494,-430.5223573094917,0.05768424702513057
0.8,15,7.0,1.2113727452396628,3.582070824536004,8.073893479926351,-412.2859999143819,0.057064660888343596
0.8,15,7.5,1.1836849840606691,3.5820708245360056,8.004725025375278,-398.80966118600276,0.05659494832078716
0.8,15,8.0,1.1600568689510034,3.582070824536009,7.943087126194623,-387.3092556215191,0.056230684533636034
0.8,20,5.0,2.2857862959623767,3.4614987230650165,9.516569852776728,-520.4183365563117,0.06141100611260976
0.8,20,5.5,2.1840181339102744,3.461498723065013,9.446005682016336,-481.88838021446236,0.05969958331211225
0.8,20,6.0,2.108295805169896,3.4614987230650165,9.389081034153476,-453.21951205728527,0.058523961215959916
0.8,20,6.5,2.048346406265796,3.461498723065013,9.34102874743802,-430.5223573094917,0.05768424702513057
0.8,20,7.0,2.0001791942876754,3.4614987230650094,9.30033352982593,-412.2859999143819,0.057064660888343596
0.8,20,7.5,1.9645844946360411,3.461498723065013,9.26897830703886,-398.80966118600276,0.05659494832078716
0.8,20,8.0,1.93420877537056,3.461498723065013,9.241307827561997,-387.3092556215191,0.056230684533636034
0.8,30,5.0,5.115055701139313,-0.6727375989842841,11.16244890506344,-520.4183365563117,0.06141100611260976
0.8,30,5.5,4.97794382731749,-0.6727375989842841,11.166071505273877,-481.88838021446236,0.05969958331211225
0.8,30,6.0,4.875923409788185,-0.6727375989842983,11.168899157085402,-453.21951205728527,0.058523961215959916
0.8,30,6.5,4.795153803140235,-0.6727375989842912,11.17122314706922,-430.5223573094917,0.05768424702513057
0.8,30,7.0,4.7302582939955204,-0.6727375989842912,11.173147890949604,-412.2859999143819,0.057064660888343596
0.8,30,7.5,4.682301684885671,-0.6727375989842912,11.174604523197436,-398.80966118600276,0.05659494832078716
0.8,30,8.0,4.641376589028643,-0.6727375989842912,11.175871384897192,-387.3092556215191,0.056230684533636034
0.8,40,5.0,9.226193721651411,-9.77474280445567,12.090383456660375,-520.4183365563117,0.06141100611260976
0.8,40,5.5,9.070275851598522,-9.774742804455684,12.10859547872448,-481.88838021446236,0.05969958331211225
0.8,40,6.0,8.954262513295332,-9.774742804455684,12.122557970971965,-453.21951205728527,0.058523961215959916
0.8,40,6.5,8.862414705497715,-9.77474280445567,12.133871347545043,-430.5223573094917,0.05768424702513057
0.8,40,7.0,8.788618255344968,-9.774742804455684,12.143132566268651,-412.2859999143819,0.057064660888343596
0.8,40,7.5,8.734084011599721,-9.774742804455684,12.150076997284685,-398.80966118600276,0.05659494832078716
0.8,40,8.0,8.687545709701594,-9.77474280445567,12.156072165922804,-387.3092556215191,0.056230684533636034
0.8,60,5.0,17.349137181777486,-33.21493412347024,12.94542846845234,-520.4183365563117,0.06174385162819094
0.8,60,5.5,17.212025307955663,-33.214934123470215,12.960679478405089,-481.88838021446236,0.06003242882769343
0.8,60,6.0,17.11000489042636,-33.214934123470215,12.972185849656505,-453.21951205728527,0.058856806731541096
0.8,60,6.5,17.02923528377841,-33.21493412347024,12.981393230001483,-430.5223573094917,0.05801709254071175
0.8,60,7.0,16.964339774633697,-33.214934123470215,12.988854554553804,-412.2859999143819,0.057397506403924776
0.8,60,7.5,16.916383165523847,-33.214934123470215,12.994405122038245,-398.80966118600276,0.05692779383636834
0.8,60,8.0,16.875458069666816,-33.214934123470215,12.999166799964337,-387.3092556215191,0.056563530049217214
0.8,90,5.0,26.121584768751205,-69.9054592007476,13.707084730569397,-520.4183365563117,0.06543636320989898
0.8,90,5.5,26.121584768751205,-69.9054592007476,13.707084730569397,-481.88838021446236,0.06372494040940149
0.8,90,6.0,26.121584768751205,-69.9054592007476,13.707084730569397,-453.21951205728527,0.06254931831324914
0.8,90,6.5,26.121584768751205,-69.9054592007476,13.707084730569397,-430.5223573094917,0.061709604122419805
0.8,90,7.0,26.121584768751205,-69.9054592007476,13.707084730569397,-412.2859999143819,0.06109001798563283
0.8,90,7.5,26.121584768751205,-69.9054592007476,13.707084730569397,-398.80966118600276,0.06062030541807639
0.8,90,8.0,26.121584768751205,-69.9054592007476,13.707084730569397,-387.3092556215191,0.06025604163092527
0.9,0,5.0,0.0,0,5.111996805891436,-531.2984071621037,0.07209285243363293
0.9,0,5.5,0.0,0,4.549697460216973,-492.09611278307887,0.07038691020543088
0.9,0,6.0,0.0,0,4.063192515950005,-463.28348955634567,0.06921613205587596
0.9,0,6.5,0.0,0,3.617827914344401,-440.2229830448764,0.06838052918667857
0.9,0,7.0,0.0,0,3.213328763178879,-421.5553604410985,0.06776438943702251
0.9,0,7.5,0.0,0,2.8867845518180015,-407.8380857550566,0.06729756175212506
0.9,0,8.0,0.0,0,2.588492216183922,-396.23499799803295,0.06693572050891344
0.9,1,5.0,0.06701034967245588,0.34497064324532856,5.8829074929471945,-531.2984071621037,0.07209285243363293
0.9,1,5.5,0.06138853445228099,0.34497064324532856,5.411464097674271,-492.09611278307887,0.07038691020543088
0.9,1,6.0,0.05725665272558594,0.34497064324532856,5.005939876033579,-463.28348955634567,0.06921613205587596
0.9,1,6.5,0.05394965479230975,0.3449706432453286,4.636621058235943,-440.2229830448764,0.06838052918667857
0.9,1,7.0,0.05127261951820725,0.34497064324532856,4.302762851734727,-421.5553604410985,0.06776438943702251
0.9,1,7.5,0.049305490174610195,0.3449706432453286,4.034330863321797,-407.8380857550566,0.06729756175212506
0.9,1,8.0,0.047641546357373776,0.34497064324532867,3.7899654897574075,-396.23499799803295,0.06693572050891344
0.9,2,5.0,0.13497356169454558,0.6894740030886959,5.922712608064925,-531.2984071621037,0.07209285243363293
0.9,2,5.5,0.12373678057006732,0.6894740030886954,5.458825506930336,-492.09611278307887,0.07038691020543088
0.9,2,6.0,0.1154780511780936,0.6894740030886954,5.060321334034581,-463.28348955634567,0.06921613205587596
0.9,2,6.5,0.10886808437911896,0.6894740030886957,4.697813708714097,-440.2229830448764,0.06838052918667857
0.9,2,7.0,0.10351727538602978,0.6894740030886957,4.370454976607825,-421.5553604410985,0.06776438943702251
0.9,2,7.5,0.0995854133429278,0.6894740030886958,4.107484130355011,-407.8380857550566,0.06729756175212506
0.9,2,8.0,0.09625955296768535,0.6894740030886957,3.8682724742879824,-396.23499799803295,0.06693572050891344
0.9,5,5.0,0.3412981201693239,1.7155194982090602,6.0044732581615206,-531.2984071621037,0.07209285243363293
0.9,5,5.5,0.31332585522564,1.7155194982090598,5.555734934122137,-492.09611278307887,0.07038691020543088
0.9,5,6.0,0.2927669990824662,1.7155194982090598,5.171252722810379,-463.28348955634567,0.06921613205587596
0.9,5,6.5,0.27631248773071476,1.7155194982090602,4.822306891792007,-440.2229830448764,0.06838052918667857
0.9,5,7.0,0.262992459053491,1.7155194982090607,4.507852974338012,-421.5553604410985,0.06776438943702251
0.9,5,7.5,0.25320468392702916,1.7155194982090602,4.255699701027555,-407.8380857550566,0.06729756175212506
0.9,5,8.0,0.24492545818156009,1.7155194982090611,4.02667637444034,-396.23499799803295,0.06693572050891344
0.9,10,5.0,0.8128417893016481,3.03557974771771,7.296400664240453,-531.2984071621037,0.07209285243363293
0.9,10,5.5,0.757747182529945,3.035579747717712,7.024869062806952,-492.09611278307887,0.07038691020543088
0.9,10,6.0,0.7172541406842247,3.035579747717712,6.798704449318394,-463.28348955634567,0.06921613205587596
0.9,10,6.5,0.6848450799817601,3.03557974771771,6.598422095507416,-440.2229830448764,0.06838052918667857
0.9,10,7.0,0.6586097449584103,3.035579747717712,6.4218558148533,-421.5553604410985,0.06776438943702251
0.9,10,7.5,0.6393315912998511,3.035579747717712,6.2828756677154205,-407.8380857550566,0.06729756175212506
0.9,10,8.0,0.6230246998936985,3.035579747717711,6.158601347456998,-396.23499799803295,0.06693572050891344
0.9,15,5.0,1.4558350152229762,3.7593259791751805,8.44868057498039,-531.2984071621037,0.07209285243363293
0.9,15,5.5,1.375292088370796,3.7593259791751805,8.297453243753221,-492.09611278307887,0.07038691020543088
0.9,15,6.0,1.3160952214085433,3.7593259791751823,8.174503833183516,-463.28348955634567,0.06921613205587596
0.9,15,6.5,1.2687163442650342,3.7593259791751805,8.067833683889685,-440.2229830448764,0.06838052918667857
0.9,15,7.0,1.2303628502745227,3.7593259791751823,7.975466612098993,-421.5553604410985,0.06776438943702251
0.9,15,7.5,1.2021800750275649,3.7593259791751823,7.90383726246076,-407.8380857550566,0.06729756175212506
0.9,15,8.0,1.1783409946044197,3.7593259791751823,7.8405729238764295,-396.23499799803295,0.06693572050891344
0.9,20,5.0,2.424089596070811,3.4001095882687373,9.628294205593315,-531.2984071621037,0.07209285243363293
0.9,20,5.5,2.3205456052138693,3.4001095882687373,9.565707939941849,-492.09611278307887,0.07038691020543088
0.9,20,6.0,2.244443579982673,3.400109588268741,9.516026939973138,-463.28348955634567,0.06921613205587596
0.9,20,6.5,2.183534469605256,3.400109588268741,9.473769184433396,-440.2229830448764,0.06838052918667857
0.9,20,7.0,2.1342281681546798,3.400109588268741,9.437794711329081,-421.5553604410985,0.06776438943702251
0.9,20,7.5,2.0979970906840295,3.4001095882687373,9.410282313965448,-407.8380857550566,0.06729756175212506
0.9,20,8.0,2.0673501596393926,3.4001095882687373,9.386257447495227,-396.23499799803295,0.06693572050891344
0.9,30,5.0,5.628520447801182,-1.6191998647074257,11.318605543558402,-531.2984071621037,0.07209285243363293
0.9,30,5.5,5.4890160063029025,-1.6191998647074328,11.325916930154957,-492.09611278307887,0.07038691020543088
0.9,30,6.0,5.386484025075385,-1.61919986470744,11.331532061699146,-463.28348955634567,0.06921613205587596
0.9,30,6.5,5.304421402657264,-1.6191998647074328,11.336182591752491,-440.2229830448764,0.06838052918667857
0.9,30,7.0,5.23799120241791,-1.6191998647074328,11.34005394888694,-421.5553604410985,0.06776438943702251
0.9,30,7.5,5.189177203791885,-1.6191998647074257,11.34296186301348,-407.8380857550566,0.06729756175212506
0.9,30,8.0,5.147886705293276,-1.61919986470744,11.34546464547562,-396.23499799803295,0.06693572050891344
0.9,40,5.0,10.365315783159332,-12.318257994421018,12.219339095462411,-531.2984071621037,0.07209285243363293
0.9,40,5.5,10.206677185530687,-12.318257994421018,12.237810130876849,-492.09611278307887,0.07038691020543088
0.9,40,6.0,10.09008211845377,-12.318257994421018,12.251756154366424,-463.28348955634567,0.06921613205587596
0.9,40,6.5,9.99676394737389,-12.318257994421003,12.263152388843972,-440.2229830448764,0.06838052918667857
0.9,40,7.0,9.921222310899962,-12.318257994421032,12.272534726662832,-421.5553604410985,0.06776438943702251
0.9,40,7.5,9.865713079770753,-12.318257994421032,12.279520602226087,-407.8380857550566,0.06729756175212506
0.9,40,8.0,9.818759257319964,-12.318257994421003,12.285491438414939,-396.23499799803295,0.06693572050891344
0.9,60,5.0,20.122297479061444,-40.13951841739524,13.025705939249788,-531.2984071621037,0.07249148972088763
0.9,60,5.5,19.982793037563162,-40.13951841739524,13.039631940725961,-492.09611278307887,0.07078554749268558
0.9,60,6.0,19.880261056335645,-40.139518417395266,13.049991785150088,-463.28348955634567,0.06961476934313066
0.9,60,6.5,19.798198433917523,-40.13951841739524,13.058360712410213,-440.2229830448764,0.06877916647393327
0.9,60,7.0,19.73176823367817,-40.139518417395266,13.065186394245707,-421.5553604410985,0.06816302672427721
0.9,60,7.5,19.682954235052144,-40.139518417395266,13.07023138359678,-407.8380857550566,0.06769619903937976
0.9,60,8.0,19.641663736553536,-40.13951841739524,13.074518386023803,-396.23499799803295,0.06733435779616814
0.9,90,5.0,28.115597054736334,-75.20863196770085,13.7059068447906,-531.2984071621037,0.07691388008272974
0.9,90,5.5,28.115597054736334,-75.20863196770085,13.7059068447906,-492.09611278307887,0.07520793785452769
0.9,90,6.0,28.115597054736334,-75.20863196770085,13.7059068447906,-463.28348955634567,0.07403715970497277
0.9,90,6.5,28.115597054736334,-75.20863196770085,13.7059068447906,-440.2229830448764,0.07320155683577538
0.9,90,7.0,28.115597054736334,-75.20863196770085,13.7059068447906,-421.5553604410985,0.07258541708611932
0.9,90,7.5,28.115597054736334,-75.20863196770085,13.7059068447906,-407.8380857550566,0.07211858940122187
0.9,90,8.0,28.115597054736334,-75.20863196770085,13.7059068447906,-396.23499799803295,0.07175674815801025
1.0,0,5.0,0.0,0,5.000064546895978,-549.4793599020226,0.10426981065596744
1.0,0,5.5,0.0,0,4.441025128740214,-509.60472748582225,0.10256664877257828
1.0,0,6.0,0.0,0,3.965411369951555,-480.648349189533,0.10139895868769006
1.0,0,6.5,0.0,0,3.527325327424812,-457.224490914388,0.10056627098206856
1.0,0,7.0,0.0,0,3.127780775487401,-438.1256031019419,0.09995273086837261
1.0,0,7.5,0.0,0,2.80777683301328,-424.1673924582373,0.09948816923583786
1.0,0,8.0,0.0,0,2.5187306918500036,-412.4616225086736,0.09912828604651233
1.0,1,5.0,0.06961758476828336,0.3679476443604158,5.745659097489039,-549.4793599020226,0.10426981065596744
1.0,1,5.5,0.06389935273704249,0.36794764436041594,5.272690410103164,-509.60472748582225,0.10256664877257828
1.0,1,6.0,0.059746855777213524,0.3679476443604158,4.872484188536761,-480.648349189533,0.10139895868769006
1.0,1,6.5,0.05638775128977599,0.3679476443604158,4.505616292309981,-457.224490914388,0.10056627098206856
1.0,1,7.0,0.05364887031627178,0.3679476443604158,4.172486227776607,-438.1256031019419,0.09995273086837261
1.0,1,7.5,0.051647189489009517,0.36794764436041594,3.9066748408258887,-424.1673924582373,0.09948816923583786
1.0,1,8.0,0.04996852050524887,0.36794764436041594,3.667338906662814,-412.4616225086736,0.09912828604651233
1.0,2,5.0,0.1401847967677074,0.7354000113823473,5.784995120957459,-549.4793599020226,0.10426981065596744
1.0,2,5.5,0.12875529949012957,0.7354000113823471,5.3193181825205205,-509.60472748582225,0.10256664877257828
1.0,2,6.0,0.1204553647483741,0.7354000113823472,4.925761718801223,-480.648349189533,0.10139895868769006
1.0,2,6.5,0.1137412483248866,0.7354000113823475,4.565375344526948,-457.224490914388,0.10056627098206856
1.0,2,7.0,0.10826682328245213,0.7354000113823472,4.2384498710145175,-438.1256031019419,0.09995273086837261
1.0,2,7.5,0.1042659003676803,0.7354000113823473,3.9778068358652954,-424.1673924582373,0.09948816923583786
1.0,2,8.0,0.10091060759973661,0.7354000113823473,3.7432895096604026,-412.4616225086736,0.09912828604651233
1.0,5,5.0,0.3542695058551394,1.8298453409539497,5.86580548974257,-549.4793599020226,0.10426981065596744
1.0,5,5.5,0.3258175032326921,1.8298453409539497,5.414761352899382,-509.60472748582225,0.10256664877257828
1.0,5,6.0,0.3051560726112559,1.8298453409539506,5.034503365121284,-480.648349189533,0.10139895868769006
1.0,5,6.5,0.28844229654139825,1.8298453409539504,4.687040815377493,-457.224490914388,0.10056627098206856
1.0,5,7.0,0.27481454442938713,1.8298453409539506,4.37245440980631,-438.1256031019419,0.09995273086837261
1.0,5,7.5,0.2648548527212824,1.8298453409539506,4.122066916880748,-424.1673924582373,0.09948816923583786
1.0,5,8.0,0.2565023594913401,1.8298453409539501,3.8970934930102272,-412.4616225086736,0.09912828604651233
1.0,10,5.0,0.8383792132066554,3.260757700327355,7.141568880342351,-549.4793599020226,0.10426981065596744
1.0,10,5.5,0.7823397076640359,3.260757700327355,6.862971551631456,-509.60472748582225,0.10256664877257828
1.0,10,6.0,0.7416446335354074,3.260757700327357,6.634269984534406,-480.648349189533,0.10139895868769006
1.0,10,6.5,0.7087249210239961,3.260757700327356,6.430048701838516,-457.224490914388,0.10056627098206856
1.0,10,7.0,0.6818834891519219,3.2607577003273542,6.248941246136111,-438.1256031019419,0.09995273086837261
1.0,10,7.5,0.6622667259284161,3.260757700327355,6.107295750476897,-424.1673924582373,0.09948816923583786
1.0,10,8.0,0.6458155257487577,3.2607577003273542,5.981873468408942,-412.4616225086736,0.09912828604651233
1.0,15,5.0,1.511416776273801,4.040303461987321,8.357738331393822,-549.4793599020226,0.10426981065596744
1.0,15,5.5,1.4294924998295637,4.040303461987321,8.204537726345805,-509.60472748582225,0.10256664877257828
1.0,15,6.0,1.3700002814284402,4.040303461987323,8.08180182627827,-480.648349189533,0.10139895868769006
1.0,15,6.5,1.321874881281956,4.040303461987321,7.974433215780902,-457.224490914388,0.10056627098206856
1.0,15,7.0,1.282635332974832,4.040303461987321,7.880926148588882,-438.1256031019419,0.09995273086837261
1.0,15,7.5,1.25395754365991,4.040303461987321,7.808886161938006,-424.1673924582373,0.09948816923583786
1.0,15,8.0,1.2299074979232858,4.040303461987323,7.745881220725326,-412.4616225086736,0.09912828604651233
1.0,20,5.0,2.7279534979722757,3.148356447882062,9.87681855488153,-549.4793599020226,0.10426981065596744
1.0,20,5.5,2.622633678310495,3.1483564478820654,9.830471791983328,-509.60472748582225,0.10256664877257828
1.0,20,6.0,2.546151956588479,3.1483564478820654,9.794412300409041,-480.648349189533,0.10139895868769006
1.0,20,6.5,2.4842831347377454,3.148356447882062,9.763618000734123,-457.224490914388,0.10056627098206856
1.0,20,7.0,2.433837743814714,3.148356447882062,9.737350867612692,-438.1256031019419,0.09995273086837261
1.0,20,7.5,2.3969702885250483,3.1483564478820654,9.717454546311128,-424.1673924582373,0.09948816923583786
1.0,20,8.0,2.366052145701255,3.1483564478820654,9.700290869335413,-412.4616225086736,0.09912828604651233
1.0,30,5.0,6.405585368972679,-2.9292450726712786,11.488223289555975,-549.4793599020226,0.10426981065596744
1.0,30,5.5,6.263688359797943,-2.9292450726712644,11.498582817932233,-509.60472748582225,0.10256664877257828
1.0,30,6.0,6.160644814872213,-2.9292450726712786,11.506404860703128,-480.648349189533,0.10139895868769006
1.0,30,6.5,6.077289176683919,-2.9292450726712644,11.512926467584878,-457.224490914388,0.10056627098206856
1.0,30,7.0,6.009324285349927,-2.9292450726712786,11.51837782669411,-438.1256031019419,0.09995273086837261
1.0,30,7.5,5.959652897207726,-2.9292450726712644,11.52244053271951,-424.1673924582373,0.09948816923583786
1.0,30,8.0,5.917996996067537,-2.9292450726712786,11.52590021753463,-412.4616225086736,0.09912828604651233
1.0,40,5.0,11.350712561134358,-14.0804169968373,12.27141533052823,-549.4793599020226,0.10426981065596744
1.0,40,5.5,11.189353235929957,-14.080416996837315,12.289304141523301,-509.60472748582225,0.10256664877257828
1.0,40,6.0,11.072176440079312,-14.080416996837315,12.302621532585908,-480.648349189533,0.10139895868769006
1.0,40,6.5,10.977387905717167,-14.080416996837329,12.313602467466064,-457.224490914388,0.10056627098206856
1.0,40,7.0,10.900101082922063,-14.080416996837315,12.322697231474674,-438.1256031019419,0.09995273086837261
1.0,40,7.5,10.843616864408892,-14.080416996837315,12.32942603661124,-424.1673924582373,0.09948816923583786
1.0,40,8.0,10.796247521405439,-14.080416996837329,12.335123294531375,-412.4616225086736,0.09912828604651233
1.0,60,5.0,21.45642108219183,-42.94409413240953,13.032384367243292,-549.4793599020226,0.10486606701623905
1.0,60,5.5,21.314524073017093,-42.944094132409504,13.045708647670025,-509.60472748582225,0.10316290513284988
1.0,60,6.0,21.211480528091364,-42.944094132409504,13.055496279273845,-480.648349189533,0.10199521504796166
1.0,60,6.5,21.12812488990307,-42.944094132409504,13.063483698678237,-457.224490914388,0.10116252734234017
1.0,60,7.0,21.060159998569077,-42.94409413240953,13.070043118854107,-438.1256031019419,0.10054898722864422
1.0,60,7.5,21.010488610426876,-42.94409413240956,13.074863839048032,-424.1673924582373,0.10008442559610947
1.0,60,8.0,20.968832709286687,-42.94409413240953,13.078924246095944,-412.4616225086736,0.09972454240678394
1.0,90,5.0,29.007798398660686,-77.61916504358868,13.706731216502668,-549.4793599020226,0.11148079791362106
1.0,90,5.5,29.007798398660686,-77.61916504358868,13.706731216502668,-509.60472748582225,0.1097776360302319
1.0,90,6.0,29.007798398660686,-77.61916504358868,13.706731216502668,-480.648349189533,0.10860994594534368
1.0,90,6.5,29.007798398660686,-77.61916504358868,13.706731216502668,-457.224490914388,0.10777725823972219
1.0,90,7.0,29.007798398660686,-77.61916504358868,13.706731216502668,-438.1256031019419,0.10716371812602624
1.0,90,7.5,29.007798398660686,-77.61916504358868,13.706731216502668,-424.1673924582373,0.10669915649349149
1.0,90,8.0,29.007798398660686,-77.61916504358868,13.706731216502668,-412.4616225086736,0.10633927330416595
